bids_name	cjv	cnr	efc	fber	fwhm_avg	fwhm_x	fwhm_y	fwhm_z	icvs_csf	icvs_gm	icvs_wm	inu_med	inu_range	qi_1	qi_2	rpve_csf	rpve_gm	rpve_wm	size_x	size_y	size_z	snr_csf	snr_gm	snr_total	snr_wm	snrd_csf	snrd_gm	snrd_total	snrd_wm	spacing_x	spacing_y	spacing_z	summary_bg_k	summary_bg_mad	summary_bg_mean	summary_bg_median	summary_bg_n	summary_bg_p05	summary_bg_p95	summary_bg_stdv	summary_csf_k	summary_csf_mad	summary_csf_mean	summary_csf_median	summary_csf_n	summary_csf_p05	summary_csf_p95	summary_csf_stdv	summary_gm_k	summary_gm_mad	summary_gm_mean	summary_gm_median	summary_gm_n	summary_gm_p05	summary_gm_p95	summary_gm_stdv	summary_wm_k	summary_wm_mad	summary_wm_mean	summary_wm_median	summary_wm_n	summary_wm_p05	summary_wm_p95	summary_wm_stdv	tpm_overlap_csf	tpm_overlap_gm	tpm_overlap_wm	wm2max
sub-1002_ses-1_acq-D1S0201_T1w	0.3184394068067772	3.9663840187907136	0.6810153727574114	12019.052734375	4.3557266666666665	4.36641	4.52585	4.17492	0.2086496661055285	0.4276261391743795	0.363724194720092	2.0937819480895996	0.7899466931819914	0.0	0.0001505995684895483	22.430416927553313	11.673676761138298	16.096417641407587	256	256	150	3.255631820740958	10.984367262441435	11.793953725792827	21.141862094196085	49.91820496388506	106.7673678746152	104.03800500405987	155.42844217367934	1.0	1.0	1.0	13.177189689650891	4.214988523876887	8.000059127807617	5.391041278839111	522239.0	0.0	25.509419059753405	9.082193374633789	22.46090278125359	75.56583887930903	338.9267578125	321.16162109375	21351.0	219.12586212158203	510.5088348388672	98.64570617675781	0.6929660745145614	57.949531085877744	689.3209838867188	686.9153442382812	23059.0	590.4990417480469	796.3423583984375	62.534366607666016	1.4109220638445041	41.74542362337898	997.9264526367188	999.9888916015625	210045.0	915.3475830078125	1070.1177001953124	47.298885345458984	0.1703040450811386	0.45217975974082947	0.5200652480125427	0.5851729286744819
sub-1076_ses-1_acq-D1S0201_T1w	0.2908934598472832	4.393019602578492	0.7320767884567525	13453.7705078125	4.693886666666667	4.77401	4.89667	4.41098	0.21425800772348338	0.42515887756761306	0.3605831147089036	1.9792866706848145	0.7642608880996704	0.0	0.0001532955391839693	19.442488518915024	10.36320762839554	14.77692203858713	256	256	150	3.5738700115438777	10.942215457635472	12.061375553365664	21.668041190917645	57.860487694223835	108.61042727542191	110.03346004708301	163.6294651716033	1.0	1.0	1.0	6.06565600802338	4.0037648336820135	6.521390438079834	2.700498342514038	427061.0	0.0	20.991497039794922	6.99216365814209	2.455310965757789	91.45739091805788	358.9677429199219	353.6054382324219	23338.0	208.992635345459	520.3583831787105	98.93976593017578	0.3610341941383113	58.620701780131654	667.210205078125	663.755859375	38659.0	574.0991943359376	771.7841430664063	60.6593132019043	1.6752717119787404	39.18941884652906	998.8824462890625	999.9962158203125	219483.0	921.1279296875	1070.9516479492186	46.150638580322266	0.14689424633979797	0.4578462243080139	0.4917299747467041	0.5961987386769939
sub-1077_ses-1_acq-D1S0201_T1w	0.2828256657475568	4.365848417379907	0.7029937598366014	37928.96875	4.470156666666667	4.38948	4.69484	4.32615	0.2082210024189236	0.43374935132458164	0.3580296462564948	2.2382869720458984	0.9954745769500732	0.016489517476614583	7.672532536806381e-05	18.89645496266335	9.789243409979182	13.996804661772801	256	256	150	3.261872342761065	10.590758015694766	11.328754935693711	20.133634448625305	52.27682827340544	98.41917010499675	100.46387015079803	150.69561207399192	1.0	1.0	1.0	6.432661884101693	4.347418006373156	5.653359413146973	2.932288885116577	564090.0	0.0	19.190285587310747	6.628222465515137	3.171068102818073	97.82950829300073	359.5734558105469	346.9036865234375	21756.0	211.53508377075195	541.2397918701172	106.34864807128906	0.8722347427291841	56.12740716791944	656.680419921875	653.0995483398438	37065.0	562.469580078125	764.4584350585938	61.666099548339844	1.5556046258570584	41.9851339063881	996.6971435546875	1000.0006713867188	229539.0	906.3746215820312	1070.6755249023438	49.66805648803711	0.1631254255771637	0.4649307429790497	0.5059791803359985	0.6177393150026411
sub-1078_ses-1_acq-D1S0201_T1w	0.2646663253487926	4.804625624022407	0.7138631063266382	46767.1875	4.918243333333334	4.81879	5.15444	4.7815	0.2138535975288897	0.4202486573874175	0.36589774508369277	1.8055639266967773	0.8247558832168576	0.005963319734338326	0.00015614281633588378	17.10707971932818	9.184191631651155	12.628576768380764	256	256	150	3.490157415102188	11.574561916572009	12.118219208177981	21.28993829285975	54.808164165614976	107.36710864790402	109.32859052738661	165.81049876864085	1.0	1.0	1.0	20.909813373613993	3.951115414365356	4.990628719329834	2.6649868488311768	398567.0	0.0	17.377162933349602	6.775042533874512	1.301971071369577	87.98824289249335	338.41363525390625	330.5470275878906	32839.0	199.10562591552736	501.8178985595703	94.70690155029297	0.8577288317101499	51.96609456903037	651.044677734375	647.529052734375	43695.0	565.8142028808594	746.8384521484375	55.943511962890625	1.4114617718323679	41.32111198992118	997.1572875976562	1000.0000610351562	264877.0	913.82236328125	1067.4336669921875	46.970458984375	0.15294919908046722	0.4528008699417114	0.500511109828949	0.5791277413910672
sub-1079_ses-1_acq-D1S0201_T1w	0.256566916090527	4.818308371950006	0.6300011971199572	85593.703125	4.66702	4.65958	4.88123	4.46025	0.1696010986103374	0.4572898324441713	0.3731090689454913	2.4402072429656982	0.9561064839363098	0.016607073226359428	7.635431711330088e-05	23.97072522278568	10.14769042288832	14.161562668676355	256	256	150	2.722083545029414	12.09286507604281	11.466628407672724	19.584936601945955	210.3459670073177	390.7093239857179	402.5319570785055	606.540580242481	1.0	1.0	1.0	29.34175174689149	0.0801176364977762	2.5138556957244873	2.084437131881714	702879.0	0.0	8.486978340148923	3.09626841545105	36.86841272050075	94.47114370041993	356.39349365234375	346.7955627441406	10413.0	198.19953002929688	523.8780517578125	127.39466094970703	0.7146790397544294	49.794178239229204	645.74267578125	644.1590576171875	45386.0	561.9148712158203	735.092529296875	53.26710891723633	1.8347047112315318	41.50236517862154	994.963623046875	999.9981689453125	221081.0	898.3154296875	1068.10400390625	51.05944061279297	0.1355658620595932	0.4511291980743408	0.47212496399879456	0.6000380645449388
sub-1080_ses-1_acq-D1S0201_T1w	0.2906654632409977	4.307623550699459	0.7068134590540932	48805.94921875	4.532179999999999	4.46905	4.79524	4.33225	0.19798257353952745	0.44758624486268034	0.3544311815977922	2.1681759357452393	0.956469321250915	0.010166456521048115	5.8569078996215156e-05	21.718534131843377	10.608904614931262	15.140081855219163	256	256	150	3.3464638158650124	11.486948924482501	10.955768927561685	18.033894042337543	56.96123751439543	113.0737992165961	114.1417690651645	172.39027046450195	1.0	1.0	1.0	47.35364475482448	3.8002957858472506	5.191448211669922	2.563260555267334	295633.0	0.0	18.702473449707025	6.720848083496094	1.860382893442508	89.3693596136812	342.0879211425781	330.4190673828125	20448.0	205.66483993530272	515.3703125	98.73436737060547	0.42699177321656157	54.67778886717784	657.2278442382812	655.9151611328125	34140.0	565.5719787597657	752.8742065429688	57.100067138671875	1.2954830856314885	45.3347435084513	995.8349609375	999.9963989257812	204497.0	891.3177368164062	1078.7809814453124	55.4508056640625	0.1649884581565857	0.4604659378528595	0.4970207214355469	0.607602086255175
sub-1081_ses-1_acq-D1S0201_T1w	0.28805141239247045	4.312876878543477	0.7010282922965887	51972.375	4.612226666666667	4.44446	4.79971	4.59251	0.1992333048272804	0.4554926609056592	0.3452740342670604	2.2357351779937744	0.8866788148880005	0.007656210942530129	0.00010035189573240928	21.27957280806102	10.372783553951495	15.553380030048968	256	256	150	3.338314251071415	11.44298441777563	11.010236789473616	18.249411699573802	59.73206144240174	113.12113744631803	115.06930913371046	172.35472851241158	1.0	1.0	1.0	6.659737822800807	3.801095003933503	6.296669960021973	2.5637996196746826	294867.0	0.0	21.579608726501476	7.580892086029053	7.430566853099355	83.65128753810382	356.1500549316406	346.5648498535156	16491.0	205.7575225830078	534.4470520019531	103.8111801147461	0.47554842107816464	54.83031120844316	659.3955688476562	656.3277587890625	33027.0	571.1171691894531	758.3413757324219	57.35547637939453	1.9229572687539944	44.16510392255688	996.0361328125	1000.00048828125	194864.0	893.1078125	1077.3550048828124	54.796173095703125	0.13451842963695526	0.4556760787963867	0.4784754514694214	0.5497717179537264
sub-1082_ses-1_acq-D1S0201_T1w	0.29187650096007345	4.292482004247648	0.6563940902068656	56314.55078125	4.588703333333334	4.53339	4.78182	4.4509	0.18260797829997413	0.4560662101819353	0.3613258115180905	1.5551376342773438	0.6491875410079953	0.01371570649563473	5.712368838556336e-05	22.105961437610247	10.049863712520944	14.29021682503577	256	256	150	3.2241460932645354	10.736943633027092	10.56848428907716	17.74436314093985	59.37073693913895	113.14466609111655	115.92198721137324	175.25055860386422	1.0	1.0	1.0	10.700980981260425	3.738269958323634	3.9097979068756104	2.5259652137756348	549744.0	0.0	15.285507202148436	4.9448323249816895	29.78304143367786	85.54560053808194	349.0904541015625	338.7750244140625	19184.0	207.94470138549804	512.5280944824218	105.07160186767578	0.5732371920741177	56.325446410790505	649.6187744140625	645.6141357421875	41570.0	557.9848510742188	755.0313873291016	60.12943649291992	1.8731477413517768	47.110355125365174	996.4366455078125	999.9962158203125	219042.0	894.4838745117187	1080.9594604492188	56.35558319091797	0.15196312963962555	0.4558611214160919	0.4824780523777008	0.5641097364779202
sub-1083_ses-1_acq-D1S0201_T1w	0.28763071804747026	4.46030046167194	0.6353203321926602	75149.1171875	4.40444	4.40203	4.60468	4.20661	0.20700919179470953	0.41421541876314416	0.3787753894421463	2.681753635406494	1.0908397436141968	0.009327714149426361	3.9942710586417064e-05	23.731361750944426	12.385762705780705	16.215345665889853	256	256	150	1.8506467774483406	12.730888867580926	11.993367064102955	21.398565547279603	69.61691210568296	141.49239886246886	139.5470017788876	207.53169436851093	1.0	1.0	1.0	18.38658584762423	3.1567901970867296	4.8283796310424805	2.1292226314544678	650781.0	0.0	17.19032859802246	6.1767473220825195	61.03527326777626	94.78573516847625	363.6523742675781	335.45074462890625	16959.0	215.84592895507814	536.8909301757812	181.25601196289062	0.4749215778002811	51.51183046155367	682.6127319335938	681.7844848632812	18731.0	596.414306640625	770.0814514160156	53.5521354675293	1.573272577980343	40.0156908715031	997.8547973632812	999.9963989257812	193403.0	914.6003356933594	1068.823828125	46.731815338134766	0.1610979437828064	0.45712536573410034	0.5015984773635864	0.5798469031114366
sub-1084_ses-1_acq-D1S0201_T1w	0.35075693654192364	3.8522121438931634	0.6507254069195891	68264.90625	3.972993333333333	3.99418	4.01176	3.91304	0.17983141827087384	0.4470201222068685	0.37314845952225767	2.3357081413269043	0.8950268149375915	0.0	2.1860586937387477e-05	23.378264981349822	10.454618540906644	14.514291036435438	256	256	150	0.861788180803616	10.106676806030451	9.358275619355974	17.106361871233858	65.64713738895068	121.51382466427216	123.69211359041115	183.9153787180106	1.0	1.0	1.0	14.666039628180275	3.5621620232559534	6.354231357574463	2.402641773223877	504133.0	0.0	23.648912429809542	8.178557395935059	22.90990762464366	117.75007529615041	448.6944580078125	356.94207763671875	10344.0	188.83793411254885	1081.7453002929688	414.1676940917969	0.09402309358180361	65.88865602718454	662.44091796875	660.705078125	39797.0	557.547021484375	770.13798828125	65.37230682373047	0.9133135543783419	53.12139135392179	1000.301025390625	1000.0	217570.0	904.5674194335938	1095.9346923828125	58.45764923095703	0.1299353688955307	0.4448367953300476	0.4879729449748993	0.5137483340174973
sub-1086_ses-1_acq-D1S0201_T1w	0.37578446782041475	3.4829533680075566	0.721051599882597	47213.05859375	4.887213333333333	4.82395	5.02576	4.81193	0.2298067123208542	0.4089206618358138	0.361272625843332	1.9006839990615845	0.818056255578995	0.0	2.0116890420392118e-05	18.197080332959594	10.233938797042383	13.738640711452964	256	256	150	3.5045179870153733	11.929268850239636	10.13222759164434	14.962895937678008	53.56006030163959	104.52077713974488	103.41297692414985	152.15809333106506	1.0	1.0	1.0	18.69369753931568	4.305648698818926	10.22534465789795	2.904115915298462	574548.0	0.0	44.8249021530152	17.25630760192871	1.4254317901206495	91.54516705037908	358.2481994628906	352.0042724609375	30925.0	204.85552368164065	528.3655883789062	100.44136810302734	0.18733483303291631	56.91508484192957	688.5969848632812	686.92529296875	30882.0	596.1286071777344	784.8765777587889	57.582252502441406	2.8123562022739517	60.73520166049178	1004.2531127929688	1000.0044555664062	234913.0	901.8046020507812	1117.6270263671875	66.83213806152344	0.14359807968139648	0.432333767414093	0.47143080830574036	0.5515388460440418
sub-1089_ses-1_acq-D1S0201_T1w	0.3019842353131512	4.12668034346431	0.7014829901205818	43048.14453125	4.49036	4.46649	4.70427	4.30032	0.22522519166858937	0.41232085672548907	0.3624539516059216	1.8455809354782104	0.7765712738037109	0.040432414444482506	0.00012709056234546103	17.610846705644825	9.912816720667871	13.572258372085242	256	256	150	2.8034743949938488	10.456499943033004	11.570466325092985	21.4514246372521	53.07021883706859	109.97692134589929	108.97625071627628	163.88161196586094	1.0	1.0	1.0	11.853383244192543	3.9976202923315816	6.293938159942627	2.6963539123535156	474715.0	0.0	22.217724990844722	7.835580348968506	75.73020069494773	76.48106341775906	339.129150390625	323.83270263671875	34328.0	212.43122329711917	497.0248046875	115.509521484375	0.6623963484182736	59.89472257080184	674.6092529296875	671.0755004882812	28839.0	575.73173828125	785.9483947753906	64.17671966552734	1.972447951061799	39.43532775331549	997.9778442382812	1000.0001220703125	240958.0	916.6689483642579	1068.8255126953125	46.616859436035156	0.16572806239128113	0.45060116052627563	0.4933890998363495	0.6156332063041083
sub-1090_ses-1_acq-D1S0201_T1w	0.32063861493440426	4.0184190866068805	0.6899126995227265	52756.953125	4.470736666666666	4.45842	4.61139	4.3424	0.20703659647581324	0.43089456309935803	0.3620688404248287	1.743028998374939	0.7653871476650238	0.021111355245906786	7.002755451214158e-05	18.336095402758797	9.482390006545586	13.459674330693854	256	256	150	2.7521585246158815	10.265661787757443	10.657249335552606	18.953927694284495	59.89757466193165	116.87340867559811	117.61355503242858	176.06968175975598	1.0	1.0	1.0	10.43227269030839	3.7208946531357783	4.965086460113525	2.5097053050994873	494897.0	0.0	18.10116615295409	5.972342491149902	45.887024171555844	99.98217269274896	351.7550048828125	340.192626953125	14823.0	196.68257904052734	529.7143737792968	123.60521697998047	0.4120002147474673	62.163871327591785	666.8041381835938	663.791015625	33727.0	566.4973876953125	777.1050476074219	64.66033935546875	1.6235019801392285	45.63788788296263	996.5075073242188	1000.0005493164062	243085.0	902.142236328125	1075.382177734375	52.75943374633789	0.1470949500799179	0.4430955946445465	0.4885444939136505	0.5477604911762455
sub-1091_ses-1_acq-D1S0201_T1w	0.27641538325974974	4.543074046380233	0.649005956672768	69483.7578125	4.874126666666666	4.86564	5.13573	4.62101	0.17779062011898686	0.45144182582946024	0.3707675540515529	2.210038900375366	0.9056209325790405	0.02499668695271007	6.847614970730567e-05	25.069833889264654	11.232868780889909	15.377699351934568	256	256	150	3.3731982801897527	13.300793249956442	12.061911539580658	19.511743088595782	65.69248449788982	122.69427819544642	123.70303741395861	182.7223495485396	1.0	1.0	1.0	10.361700153616104	3.5854001463025367	5.708477020263672	2.4183156490325928	597937.0	0.0	20.610717010498032	7.337059020996094	3.6248564969854	92.84099613784247	373.3448791503906	359.518798828125	16995.0	232.24866485595703	552.9965026855468	106.57785034179688	1.1064578328613264	47.06085662600466	672.9944458007812	671.4755859375	37391.0	593.0553894042969	756.3474731445312	50.48320007324219	1.3004396437442445	43.74680993116026	997.2135009765625	999.9944458007812	205887.0	903.2382568359376	1075.0970703125	51.25077819824219	0.13184405863285065	0.4440823495388031	0.4788421392440796	0.5706691444498773
sub-1101_ses-1_acq-D1S0201_T1w	0.32310111677313513	3.874801498420063	0.6616672604332681	54004.88671875	4.456436666666668	4.35606	4.64784	4.36541	0.20767387219345607	0.4320334771319016	0.3602926506746423	2.131516933441162	0.7867596805095673	0.01994426783957593	2.2917680351141213e-05	20.48704990391355	10.552485287183028	14.68872195645748	256	256	150	3.6040152943357904	10.58293871533372	11.436595970192087	20.12283390090675	52.52944789209347	121.6595351003498	117.42324676075367	178.08075728981774	1.0	1.0	1.0	13.506221310554718	3.6788651843646183	5.659343719482422	2.4813568592071533	656973.0	0.0	20.226358032226564	7.010094165802002	7.489616522494622	63.128096665683	316.19964599609375	294.974853515625	27738.0	219.59275283813477	473.8534210205076	81.84469604492188	0.7512453489731996	59.733286880017296	687.55029296875	683.1692504882812	30679.0	588.99423828125	800.7438720703125	64.55278015136719	1.4314771880863297	42.63445105841977	999.28125	999.998046875	213406.0	914.4197082519531	1077.73583984375	49.694576263427734	0.1706625372171402	0.45648348331451416	0.5005988478660583	0.5963475176442999
sub-1102_ses-1_acq-D1S0201_T1w	0.2900586188893047	4.396054457425483	0.6551672087219276	64861.67578125	4.924293333333334	4.75825	5.2327	4.78193	0.22154146870376523	0.40971893949290084	0.36873959180333393	1.792020320892334	0.6690389692783354	0.038056459822013486	0.0001199301607356407	19.31022883290648	10.702426784568813	14.464837396260553	256	256	150	3.6476749533826807	11.902233699676323	12.136847076769959	20.86063257725087	63.917264231193485	123.12258092705557	123.32357961397635	182.93089368368	1.0	1.0	1.0	7.146525818717725	3.58132169505124	5.010916709899902	2.415564775466919	565569.0	0.0	17.442221450805665	5.97316312789917	2.201558789035704	86.55586310021276	356.1951599121094	349.4055480957031	22849.0	217.219482421875	516.8817993164063	95.78646850585938	1.0570639331738372	52.590933943955974	675.9730224609375	673.0531005859375	21799.0	589.3166625976562	770.328448486328	56.54717254638672	0.9218620716123196	42.24194696157114	998.2974243164062	999.9969482421875	224110.0	913.2438385009766	1073.4291381835938	47.93693161010742	0.15554237365722656	0.4492664635181427	0.4994255602359772	0.5048266356018071
sub-1103_ses-1_acq-D1S0201_T1w	0.29516297135987035	4.272160451017852	0.6328307416887438	72872.484375	5.002956666666667	5.06561	5.14741	4.79585	0.20558281446566182	0.41711216116368205	0.37730502437065616	1.8429648876190186	0.7663659512996672	0.033401029334510876	9.565752211560902e-05	19.848041518420633	10.414416071623728	13.980260909767031	256	256	150	3.401101057739629	11.96596295718573	11.893882630075913	20.314583875302375	71.73043991991786	135.21773583696682	135.40931664371712	199.27977417426666	1.0	1.0	1.0	14.502598513881786	3.287516259875944	3.782348155975342	2.2173960208892822	662749.0	0.0	13.969425582885743	4.85955810546875	3.7695788939923105	97.34848151425189	369.6665954589844	359.94793701171875	17900.0	225.59976654052733	547.8310516357421	105.8298110961914	0.8199455122581445	52.77119173321765	681.24755859375	678.53125	26038.0	593.7235748291016	776.2667266845702	56.70402145385742	1.8933430554010915	42.114083379128	999.0403442382812	999.9986572265625	242679.0	915.6694030761719	1076.720751953125	49.22555160522461	0.16083590686321259	0.4529419541358948	0.5045846700668335	0.5488387407931309
sub-1105_ses-1_acq-D1S0201_T1w	0.27305880886498934	4.5589605037728305	0.700557099764634	56057.6484375	4.828033333333333	4.91849	5.03347	4.53214	0.17647138548120586	0.46889097508008665	0.3546376394387075	1.9249558448791504	0.785376667976379	0.016729126612476705	5.026793541388455e-05	26.343355781599627	11.42420380960937	16.727632215787974	256	256	150	3.235761729489364	13.066426913938276	11.419615215878716	17.956657004208505	60.90231520537671	116.31541138500978	118.10210927661792	177.08860123946732	1.0	1.0	1.0	8.816946291649597	3.699482253846601	5.043709754943848	2.495262861251831	204426.0	0.0	18.200719356536865	6.191638469696045	18.954895671278777	95.65309004301092	356.0274963378906	343.9085998535156	9427.0	212.05500030517578	523.0332519531248	106.27802276611328	0.538281389535519	48.06887953939841	656.752685546875	656.8201904296875	45050.0	574.1148162841797	738.4380126953124	50.267215728759766	2.0876642522497884	45.639290491262614	993.775390625	999.9996337890625	182098.0	885.3096008300781	1072.2106628417969	55.68947982788086	0.13940151035785675	0.4634265601634979	0.47844812273979187	0.5694849376128469
sub-1107_ses-1_acq-D1S0201_T1w	0.27115635636108143	4.540152161876113	0.6727011344038316	64821.11328125	4.542356666666667	4.59663	4.73014	4.3003	0.19440870680990993	0.4398539757813491	0.36573731740874094	2.3251664638519287	0.899117976427078	0.00776322092714657	0.00015173193764090193	24.521323470168795	11.861878839837772	16.749930842756186	256	256	150	3.140427465689131	11.83167025192581	11.947001971600647	20.868908197187	64.67393318716371	122.79996098949825	124.13062121027356	184.91796945415877	1.0	1.0	1.0	12.348879247553473	3.5428309137022267	4.213606357574463	2.3896031379699707	343286.0	0.0	14.98852276802063	5.302418231964111	8.46908099537184	99.28919370170185	358.1877136230469	349.7421569824219	12063.0	198.32810974121094	535.029052734375	111.36307525634766	0.6565250063936507	52.29317377549939	667.1201171875	664.07470703125	26446.0	580.9315185546875	762.6941375732422	56.125816345214844	1.8100536686627455	38.79374756964821	994.5713500976562	999.9949951171875	178122.0	902.33251953125	1060.999755859375	47.91780090332031	0.13488750159740448	0.44762447476387024	0.4721698760986328	0.5531515231121871
sub-1110_ses-1_acq-D1S0201_T1w	0.29630397489457466	4.188053239661089	0.6478307367752323	61429.3671875	4.936766666666666	4.97988	5.11202	4.7184	0.2007894318288877	0.4189188225686849	0.38029174560242734	1.9302020072937012	0.8623021423816679	0.02496102279133742	2.930915165208478e-05	23.38372824239864	11.812333836996617	15.315100387842467	256	256	150	3.6734976536688757	13.471386315528806	12.575250297934522	20.580866924605882	67.60783272484143	119.99838545541465	119.66897177617788	171.40069714827757	1.0	1.0	1.0	11.410088935854708	3.8222564324835213	6.0309157371521	2.5780727863311768	719743.0	0.0	23.3264217376709	8.125094413757324	10.90495942880698	95.07623344557327	404.2095947265625	394.44378662109375	23034.0	253.51929092407227	581.5390197753906	107.37320709228516	0.8406472622794263	47.58244593188029	703.1060180664062	700.1055297851562	23764.0	622.8971435546875	794.1178649902344	51.968727111816406	1.6404676012498332	41.27794785062508	998.2819213867188	1000.0015869140625	209817.0	912.1336303710938	1072.0183349609374	48.58877944946289	0.1476219743490219	0.45092999935150146	0.487163245677948	0.5637191778614903
sub-1111_ses-1_acq-D1S0201_T1w	0.29521922042934456	4.156704489272784	0.6405515543653855	68856.859375	4.673456666666667	4.71454	4.83261	4.47322	0.1988426604336345	0.43695034382367764	0.36420699574268783	2.2454471588134766	0.9419197976589195	0.013372000959150157	4.8950565574305865e-05	25.386153229333722	12.48308983557124	17.101678949021068	256	256	150	3.525634444426889	12.26700961442089	11.383634460693402	18.358259323232428	68.56420326494508	132.15786521350432	132.0644865670099	195.47139122258028	1.0	1.0	1.0	111.65880920864224	3.351585378044223	5.921838283538818	2.2606101036071777	719184.0	0.0	22.624669075012182	8.203204154968262	2.777603213038505	80.76024035927531	363.6106872558594	350.7648010253906	19693.0	228.70511169433593	542.8237426757812	99.48731231689453	0.8951614976475226	50.23373758227065	678.3964233398438	676.1010131835938	22047.0	593.1574157714844	771.6357849121094	55.114139556884766	1.185726751522389	45.38867605985689	994.8513793945312	1000.0040893554688	174847.0	890.7087341308594	1074.2216674804686	54.47146224975586	0.158255472779274	0.4616599977016449	0.4969184994697571	0.5656694273379228
sub-1116_ses-1_acq-D1S0201_T1w	0.28724104221003915	4.350319515468003	0.6766197084175815	57098.95703125	4.566136666666667	4.62065	4.71042	4.36734	0.20045161128905728	0.44311024568113266	0.35643814302981003	1.7593644857406616	0.7174741744995115	0.008412016374488683	4.8878196519732875e-05	20.66838061013839	10.30974409743456	14.757790069980713	256	256	150	3.186446556220285	11.033291239995997	11.83590468878077	21.287976270126027	60.2604421809112	118.33874346263624	118.72927152082711	177.5886289189339	1.0	1.0	1.0	15.49076595187427	3.6890432850172292	3.8408756256103516	2.4882218837738037	371074.0	0.0	13.52491669654846	5.244166374206543	4.070512083002863	97.38716635607385	351.350830078125	339.3238220214844	20088.0	206.1573059082031	530.6860382080077	106.48707580566406	0.7912029546651502	55.688481260884444	670.0726928710938	666.360107421875	41146.0	578.3014221191406	775.4160766601562	60.39467239379883	1.5383174598594467	40.14473083510106	997.1115112304688	999.9935302734375	214805.0	914.5752685546876	1068.4672119140623	46.97446060180664	0.15657339990139008	0.4691217243671417	0.5107564926147461	0.5911178291817671
sub-1117_ses-1_acq-D1S0201_T1w	0.280259795882807	4.485894633814535	0.6831771408319527	70982.4921875	4.790516666666667	4.76806	4.96539	4.6381	0.19804421626037447	0.43609244429284877	0.3658633394467768	1.8817471265792847	0.8552667379379273	0.0038464972431972765	5.4431956850498155e-05	18.41409118494917	9.157958920592908	12.82448727687049	256	256	150	2.7544350902993613	10.944563341971074	11.406960919425655	20.521884326006532	66.59449038062617	128.52075280766567	130.57567489273393	196.61178148991002	1.0	1.0	1.0	12.234034613537135	3.332101741907472	3.448443651199341	2.2474684715270996	424014.0	0.0	12.077708721160887	4.316017150878906	60.00479145329902	75.02269012649987	354.3985595703125	338.70751953125	22726.0	218.62899017333984	524.2568511962891	122.96534729003906	0.875644185438583	55.86923674986545	657.8281860351562	653.671875	42562.0	567.7085662841797	760.7233734130858	59.725013732910156	2.6188955606671325	41.19008122744583	997.0224609375	999.990966796875	242526.0	908.9964141845703	1069.7044677734375	48.727928161621094	0.1467398703098297	0.4485917389392853	0.4779333472251892	0.570250550517525
sub-1118_ses-1_acq-D1S0201_T1w	0.301230314069398	4.196979151698216	0.7044259912910041	60520.73046875	4.7855300000000005	4.68976	4.99841	4.66842	0.2083372190803304	0.4221976664453376	0.36946511447433195	2.035665988922119	0.8703352928161623	0.004086936348370454	9.092854494059773e-05	17.11546277186855	9.071138240181062	12.551000928696729	256	256	150	2.492988730660558	11.26261637999144	11.676815717631422	21.274842042242273	63.280790587341755	119.05358826531794	119.28589990833736	175.52332087235237	1.0	1.0	1.0	14.509224997612101	3.732474831868496	5.2579216957092285	2.5175161361694336	537970.0	0.0	18.434252643585204	6.317345142364502	56.33913087563958	95.0506019100269	377.10870361328125	360.5263977050781	21929.0	225.53424072265625	546.5552368164061	144.6128387451172	0.7053969079301785	55.99764327745697	682.4149780273438	678.2778930664062	41185.0	591.2440307617187	787.8096557617187	60.22309875488281	2.347314357263346	40.91480803721792	997.6490478515625	1000.0	272475.0	916.1096496582031	1068.796496582031	47.003787994384766	0.15239828824996948	0.45593345165252686	0.505500853061676	0.5578788038416767
sub-1119_ses-1_acq-D1S0201_T1w	0.2968074690739697	4.131872789679433	0.7078732321129371	52561.95703125	4.92467	4.86517	5.07089	4.83795	0.19689156138398742	0.4462066435613618	0.3569017950546508	2.072049617767334	0.9471549987792969	0.0	3.0064634237547595e-05	22.474822717955348	10.90540549706201	15.490846894814434	256	256	150	3.3996734252470207	11.693933952211951	11.182540641007384	18.454014545563176	58.809046792804146	108.17992007806922	109.3192808990326	160.96887582622446	1.0	1.0	1.0	5.787007955455923	4.069957835915418	7.309413433074951	5.238615036010742	478992.0	0.0	22.38486356735227	7.769749641418457	2.2554945786150524	97.32631125402642	376.1143493652344	365.34429931640625	19586.0	225.92161178588867	560.5670776367188	107.46178436279297	0.8710322140810538	53.341465120731215	676.2637939453125	672.0550537109375	38363.0	590.5136962890624	775.9885620117187	57.46965026855469	1.5934887451179138	43.995116845685374	995.4295654296875	1000.000244140625	200514.0	890.8377532958984	1074.1058532714844	54.188629150390625	0.15210938453674316	0.4658403992652893	0.48680976033210754	0.6127893161325495
sub-1122_ses-1_acq-D1S0201_T1w	0.2818183029256284	4.299321204464716	0.722723846061726	13146.8447265625	4.747803333333333	4.76995	5.00627	4.46719	0.18379411275954735	0.47197261663233103	0.3442332706081216	1.962125301361084	0.8459299564361573	0.0	6.430392188816118e-05	22.476652039325312	9.924484600553205	14.779702402735744	256	256	150	3.5290551888133095	12.801106797661932	10.944144965119762	16.50227290888404	58.53845082359044	102.63974257088698	105.8790206035231	156.45886841609192	1.0	1.0	1.0	27.141670018962376	4.187275698595066	7.586558818817139	2.8242745399475098	270259.0	0.0	25.87290802001952	10.154247283935547	3.1384400224245903	95.77715300941541	381.4480285644531	374.1459655761719	19269.0	226.9138916015625	553.426611328125	106.01598358154297	0.8169786509888923	47.98368239653201	659.0487060546875	656.0174560546875	54666.0	580.2708282470703	747.1728668212891	51.246463775634766	1.9234388032761789	48.956911575000504	995.4312133789062	1000.0000610351562	199141.0	880.966552734375	1085.0552978515625	60.597564697265625	0.14184223115444183	0.4643003046512604	0.4811941087245941	0.5431698610548686
sub-1129_ses-1_acq-D1S0201_T1w	0.3464787824123057	3.580920973327569	0.7163631676804655	48887.5234375	4.899876666666667	4.77298	5.15477	4.77188	0.2263301760483694	0.415448981932042	0.3582208420195886	2.097858428955078	0.9168769478797905	0.002394975737522863	5.182711989940247e-05	17.58301395951722	9.86061985228921	13.776218443284572	256	256	150	3.4373580809385693	9.760385740493913	11.3946139921874	20.986098155129717	59.61090613149899	116.25580451301383	114.56139850076856	167.8174848577928	1.0	1.0	1.0	5.0001004078642275	3.903862926380367	6.2157511711120605	2.633115530014038	401224.0	0.0	21.95357780456542	7.344753742218018	0.3835637775023053	106.21703805872463	368.9389343261719	355.2127685546875	28103.0	227.48071746826173	551.3097412109373	103.33705139160156	0.8382139646610578	66.33513792086781	700.5003051757812	692.7515258789062	28429.0	598.9423950195313	829.017333984375	70.9745864868164	1.244242669628166	40.1199815854208	998.6406860351562	1000.0001220703125	237448.0	914.9848236083985	1074.4425048828125	47.65049743652344	0.14081718027591705	0.44523265957832336	0.47561925649642944	0.6271927170449402
sub-1130_ses-1_acq-D1S0201_T1w	0.3212131430089085	3.967924485450387	0.6929652020000777	48002.11328125	4.530740000000001	4.50416	4.70312	4.38494	0.20115475687815232	0.4348959734888816	0.3639492696329661	1.6246788501739502	0.6807256102561952	0.0	7.254066053729212e-05	23.49233169141598	11.584462170991461	15.763318531368945	256	256	150	3.31903140532668	12.512220131383238	10.77346519096691	16.48914403619081	53.74855647714936	105.20645136953195	104.93786082354723	155.85857462396038	1.0	1.0	1.0	12.177304921425696	4.203429023719155	8.281143188476562	2.835169792175293	480113.0	0.0	30.759824371337867	10.953981399536133	5.0069284114288575	97.64081223122467	354.63006591796875	344.8568115234375	21418.0	205.6513298034668	530.7255523681639	103.90042114257812	0.5628300975649014	51.79266883955246	676.7140502929688	675.0164794921875	29970.0	591.1442199707031	767.3757049560547	53.94767761230469	2.249925007321033	52.59830894888812	999.0580444335938	1000.0062255859375	189286.0	893.7268829345703	1094.331787109375	60.64617919921875	0.1649799793958664	0.4647235572338104	0.4994884133338928	0.5720359495808802
sub-1131_ses-1_acq-D1S0201_T1w	0.31960219597795936	3.926537842769251	0.6966278774754611	51644.26953125	4.9722333333333335	4.94194	5.17976	4.795	0.21595566763943683	0.4109706667878649	0.3730736655726982	1.9997713565826416	0.8831276416778562	0.010932459988877216	4.168966220952758e-05	16.15461192538308	8.878049547749107	11.905096802778873	256	256	150	3.420609218210695	10.405180060399816	11.278594604014765	20.009994533433783	62.273948299908284	112.7534856893432	113.86945940383619	166.58094422225713	1.0	1.0	1.0	13.291389615817035	3.9328362610366123	5.184723377227783	2.6526577472686768	510107.0	0.0	19.104427909851065	6.579672813415527	3.472962208873489	115.85594327788843	380.1119689941406	373.83551025390625	29492.0	221.99158630371096	564.5078796386719	109.28730773925781	1.1737384521769636	58.11929193560409	682.22705078125	676.8682250976562	35389.0	585.8664428710938	797.4943359375	65.05016326904297	1.2139225727390235	45.15394277404125	997.9911499023438	999.998779296875	294236.0	912.4402313232422	1075.2964782714844	49.97488021850586	0.1539391130208969	0.44704583287239075	0.49325865507125854	0.5520297651332883
sub-1148_ses-1_acq-D1S0201_T1w	0.2738337838265833	4.605384757683505	0.6978084616298347	51529.21484375	4.787016666666667	4.76653	4.97352	4.621	0.1924483441008284	0.4458108889966331	0.3617407669025385	2.087578773498535	0.8914892196655273	0.0	0.00011057299051497481	20.690626023835964	9.913305878719243	14.077060584585569	256	256	150	3.4382150108737637	12.20711807827477	11.947109833396581	20.19599641104121	59.60126471108905	107.60440309660113	110.07570811776725	163.02145654561156	1.0	1.0	1.0	8.829948523124253	4.018712085338481	7.320404052734375	2.7105801105499268	356811.0	0.0	24.625539779663086	8.541947364807129	2.7275821259717334	99.76988113973296	378.0679931640625	365.603759765625	14872.0	228.47601623535155	557.3763854980467	106.3317642211914	1.0797675820986097	49.86548503538292	661.2291870117188	660.062744140625	33802.0	575.6662200927734	750.6928955078125	54.0711555480957	1.1340658515285824	43.22078657323954	995.769287109375	999.9998779296875	218071.0	904.0264282226562	1069.3304443359375	49.514644622802734	0.14500287175178528	0.46176615357398987	0.4852101802825928	0.5214630896790058
sub-1156_ses-1_acq-D1S0201_T1w	0.31695067239364766	4.110248281073059	0.6887469867304975	61229.85546875	4.36852	4.36128	4.5215	4.22278	0.20370433439637	0.4386582792103669	0.3576373863932631	1.7780653238296509	0.6743679523468016	0.016809382009376452	5.657299024253601e-05	22.217978379217033	11.163641956676855	15.854192561741451	256	256	150	3.405816361427557	11.595358021635915	11.516265507953301	19.54762214079643	62.19685424215358	121.22990985429298	120.63805936406031	178.48741399573436	1.0	1.0	1.0	12.669140965986827	3.670485236036096	5.154698848724365	2.4757046699523926	383713.0	0.0	18.48275451660156	6.581843852996826	22.90390302631682	83.81462353690769	358.995361328125	348.4658203125	17111.0	218.50157928466797	528.8562316894531	102.31192779541016	0.2718938639523185	57.40780756408308	681.4603881835938	679.2060546875	26500.0	588.7512817382812	780.3994903564453	58.574581146240234	1.151007320857091	44.26758481931332	998.0281982421875	999.99853515625	193072.0	907.7292205810547	1077.53916015625	51.15690994262695	0.15951146185398102	0.4533044099807739	0.49563002586364746	0.562579657639726
sub-1160_ses-1_acq-D1S0201_T1w	0.2882587459092178	4.395957672341119	0.6407719448254412	66248.9921875	5.086413333333334	5.06438	5.37272	4.82214	0.21764062460923456	0.40298579461602985	0.3793735807747356	1.9302747249603271	0.8185243308544159	0.03185875341340653	4.4238697849670715e-05	19.920250541603558	11.033906850118706	14.484730111524163	256	256	150	3.4732843499861006	11.674684873651058	12.098337956191736	21.147044644938052	69.22263741059552	130.87133922872704	131.64675226329595	194.84628015056532	1.0	1.0	1.0	7.359147906208797	3.3623242745808857	4.711422920227051	2.267853260040283	696716.0	0.0	16.649937629699707	5.721411228179932	3.9365244583802816	97.90604093620757	361.8505554199219	355.2679443359375	17558.0	212.5655693054199	534.0464477539062	102.28296661376953	0.6026953272121376	54.98848922833744	674.3267822265625	671.66455078125	25840.0	585.6361236572266	771.8448577880858	57.53059387207031	1.2219193177673402	39.657075600999086	997.3351440429688	1000.0	233605.0	910.6228515625	1069.6639892578125	47.2878303527832	0.14538636803627014	0.4404127597808838	0.483630895614624	0.5371801374957357
sub-1161_ses-1_acq-D1S0201_T1w	0.2426095380896432	5.034000575434783	0.6645842794473373	63434.3125	4.866806666666666	4.78107	5.16612	4.65323	0.1986492155822334	0.4155149709557651	0.3858358134620015	1.8084354400634766	0.7608998417854309	0.027506124116846244	0.00012858932682518795	17.870461055840703	9.185784376572705	11.9516506157693	256	256	150	3.505410115890037	12.04262034417242	12.454197343539363	21.81456157055563	52.28387837483464	121.89264901336136	121.09783597787718	189.11698054543555	1.0	1.0	1.0	16.016351522626895	3.464194358045405	3.557292938232422	2.3365635871887207	556103.0	0.0	12.426858139038087	4.508547306060791	26.04626074934381	49.633534343452716	295.33111572265625	276.4638366699219	32969.0	204.53509826660155	444.8274291992187	78.86656188964844	1.0874388453672443	48.07353981858866	646.5887451171875	644.5372924804688	35315.0	564.0845642089844	737.4142822265625	53.520591735839844	1.5709168046015467	38.16569576926136	996.8038330078125	1000.00244140625	277959.0	913.0430908203125	1065.325634765625	45.84096908569336	0.1604502648115158	0.4416864514350891	0.48945286870002747	0.5512366789258462
sub-1169_ses-1_acq-D1S0201_T1w	0.3813004606110299	3.3899657458947394	0.673524975903259	56853.3125	4.7206133333333336	4.66313	5.00033	4.49838	0.21198585721068966	0.42820825564344417	0.35980588714586614	1.9596469402313232	0.9163575291633603	0.03193703167586761	2.782820278210236e-05	21.509307318193663	11.057763193950004	15.064483532876219	256	256	150	3.4452932257464215	12.394563030958032	10.280955627903543	15.003010627006175	58.2818815712003	112.18152330905838	110.37496470792713	160.66148924352274	1.0	1.0	1.0	22.79143121430223	4.077818875729735	9.295490264892578	2.7504470348358154	742024.0	0.0	42.523125267028796	17.52859878540039	0.6473802098458634	101.29419964380565	362.43695068359375	362.7686767578125	19881.0	187.65504455566406	529.206298828125	105.29134368896484	0.3715529676718088	54.48766757438729	701.0656127929688	698.2606201171875	23872.0	613.6634490966796	797.211474609375	56.334861755371094	1.284569300731282	60.57272532483951	1001.8602905273438	1000.0184326171875	199444.0	893.938198852539	1114.2583251953124	66.65435028076172	0.15048667788505554	0.4532136917114258	0.4868515431880951	0.48719975609869215
sub-1178_ses-1_acq-D1S0201_T1w	0.277291045853398	4.472219454376855	0.7056515631534791	11867.8427734375	4.330613333333333	4.36158	4.51094	4.11932	0.17720582384006567	0.46204828964237765	0.36074588651755674	2.240955352783203	0.7841690123081206	0.0	0.00012966998936349497	29.97854343526174	13.100695552898273	18.599995423288597	256	256	150	3.0738014583811037	11.593604578762939	10.86357495124397	17.923318816587866	54.691264406571236	99.70882599679089	102.96166963341877	154.48491849689418	1.0	1.0	1.0	3.8060807320025614	4.2407791253846945	8.573077201843262	5.516892433166504	267459.0	0.0	25.658392143249507	8.591940879821777	18.350660816808908	91.63536381315345	368.0662536621094	354.0233459472656	9708.0	214.08961563110353	549.2210815429687	115.16850280761719	0.6189921447937583	52.80702611301062	647.8751831054688	645.4276123046875	30430.0	560.3162231445312	741.3491088867188	55.67008972167969	1.7602696008861631	45.512739026261386	993.6997680664062	1000.0000610351562	156981.0	886.8223876953125	1072.361572265625	55.79306411743164	0.13957691192626953	0.4635297954082489	0.4890345335006714	0.5506469981210967
sub-1180_ses-1_acq-D1S0201_T1w	0.3353810030444858	3.821291545236318	0.666559297716234	64211.5234375	4.65635	4.6898	4.82958	4.44967	0.20916826406363642	0.4182204443407902	0.3726112915955734	2.257155656814575	0.9415495872497557	0.03408451835783723	8.463027474340706e-05	21.06512294744684	11.10770828075828	14.960735171261486	256	256	150	3.5793673309835086	10.923159834127656	11.363876724230602	19.589103007580643	188.2737861466243	365.99540252056744	361.7639782930924	531.0227462120855	1.0	1.0	1.0	19.831894798053376	0.23372127282097876	3.8502280712127686	2.43251895904541	494793.0	0.0	12.99072856903076	5.182806968688965	11.639319369287431	89.87692283655704	364.8274230957031	354.5481262207031	17155.0	226.24028472900392	528.9226440429687	99.05040740966797	0.7993917855367725	59.279384735972855	694.2911987304688	689.2249145507812	27465.0	599.9214721679688	803.9761230468749	63.09642791748047	1.9752611236545548	44.94748788137032	998.4196166992188	999.9964599609375	212038.0	911.7857116699219	1077.8563354492187	51.04848861694336	0.1629205346107483	0.4536580443382263	0.5111327171325684	0.5255556152638694
sub-1181_ses-1_acq-D1S0201_T1w	0.32442377476509926	3.758965145586163	0.7021282764241163	55858.36328125	4.639166666666667	4.57878	4.88297	4.45575	0.20009669770847585	0.44983448484927613	0.35006881744224805	1.9090054035186768	0.7125801026821137	0.0	3.25330133925741e-05	19.91303092715964	9.843641634143077	14.51682287141535	256	256	150	2.7039320646096994	10.20568246660013	11.38335343592459	21.240445776563938	59.41164917818789	114.65863509073394	113.51167169689005	166.46473082174828	1.0	1.0	1.0	10.209870671293773	3.9356087807444946	7.210533142089844	2.6545276641845703	611664.0	0.0	26.262654113769525	9.120684623718262	81.7648836121759	93.3875609205435	371.5216979980469	356.9043273925781	25355.0	224.41526184082028	551.0108520507812	131.99195861816406	1.0798899282649144	59.48579438321475	696.8330078125	688.7902221679688	51327.0	601.5363586425781	825.4808715820312	67.49019622802734	1.0168486643532315	41.47987820039286	999.752685546875	1000.005615234375	224300.0	921.7897735595702	1076.3345397949217	47.08015060424805	0.14687012135982513	0.47242358326911926	0.5067602396011353	0.532852877040759
sub-1184_ses-1_acq-D1S0201_T1w	0.2662779849790091	4.7590984560416585	0.6629537161126241	75435.5234375	4.8775	4.84225	5.07287	4.71738	0.19964339517865254	0.4382298574433534	0.36212674737799405	1.9242209196090698	0.7862814545631411	0.014050624084791855	5.164319008413433e-05	23.063290989296323	11.51451346605333	16.26609451370614	256	256	150	3.3230989864860967	12.537281347171698	11.987320729632804	20.101581855240614	71.20989052481882	132.01339051126098	134.92014957702992	201.53716769500997	1.0	1.0	1.0	14.988461910135708	3.2506884247837964	5.335312366485596	2.1925559043884277	488546.0	0.0	18.701574325561523	7.055120468139648	1.222173149801379	99.80087425861957	359.95672607421875	353.3327941894531	14833.0	201.92681579589845	543.2903930664063	106.32270812988281	0.3684772697404952	50.91753175122436	657.4717407226562	655.0306396484375	34706.0	575.7613677978516	745.6902008056641	52.245872497558594	1.6395718736674452	40.93946679604011	996.4026489257812	999.9971923828125	191096.0	904.4679718017578	1069.6123352050781	49.7470588684082	0.14021514356136322	0.45796680450439453	0.48738422989845276	0.5965652509662763
sub-1185_ses-1_acq-D1S0201_T1w	0.3149766760918962	3.9615996833376315	0.7123212582162174	12378.423828125	4.624583333333333	4.57947	4.92711	4.36717	0.21969635543513064	0.4091298928253117	0.37117375173955763	1.8676868677139282	0.8564810752868652	0.0	7.707138158849193e-05	17.879236505061463	9.810015407378422	12.904343560234414	256	256	150	3.6636884986033897	10.54012607498095	12.377576193455193	22.928914006781245	49.67111075576065	109.29093381184298	105.97426139903331	158.9607396294963	1.0	1.0	1.0	5.7555739011476135	4.121394112166168	7.405973434448242	5.190393447875977	589807.0	0.0	22.946633911132793	8.008956909179688	2.6807310206546653	69.34855136251211	327.1822814941406	312.4757385253906	39696.0	218.92808532714844	487.29290771484375	85.28885650634766	0.5991681152173922	60.36518454187183	691.25146484375	687.5377807617188	27728.0	591.6377960205078	805.5334899902343	65.22933197021484	1.4913973332568098	38.05479922270506	998.4501953125	1000.0053100585938	253612.0	923.0429138183594	1065.3962280273438	43.61320114135742	0.1635572910308838	0.4464107155799866	0.5047236680984497	0.6314602826116207
sub-1187_ses-1_acq-D1S0201_T1w	0.2966553683203267	4.312433562512651	0.6658872360667998	74185.203125	4.793573333333334	4.73989	5.01796	4.62287	0.18855100326117005	0.44219776980317776	0.36925122693565215	2.0401294231414795	0.8604927659034729	0.013184905214669581	6.858078366501702e-05	22.4863120682086	10.767578755122614	15.05609209611373	256	256	150	3.137006362755883	11.682533726687636	11.884803825080715	20.83487138579862	69.08694226373922	134.06798445938222	133.8928264347552	198.52355258114414	1.0	1.0	1.0	23.295347568768836	3.3000450019587095	3.561284303665161	2.2355434894561768	502565.0	0.0	13.833723831176757	4.81044864654541	26.540233201319925	90.04537156884149	358.8399658203125	348.00390625	12498.0	213.497354888916	528.4757781982421	110.93059539794922	0.5570948650149803	55.25557299591064	678.615234375	675.3256225585938	40734.0	591.1113891601562	779.3231353759766	57.80572509765625	1.376139273155153	41.0609507729898	997.0243530273438	1000.0004272460938	220802.0	910.139794921875	1069.2735534667968	47.996368408203125	0.15336200594902039	0.4567926824092865	0.499271959066391	0.5750615253953077
sub-1190_ses-1_acq-D1S0201_T1w	0.26184533967521906	4.809820386151326	0.694551605281175	55887.7421875	4.720820000000001	4.74453	4.78153	4.6364	0.2144959529002513	0.4251917433506272	0.3603123037491215	2.03727650642395	1.04607549905777	0.0	0.0001116557546852558	16.15093702262766	8.643478777651815	12.046926594876027	256	256	150	3.384882548367617	11.447832412239597	11.97206008506292	21.083465294581544	55.325387751522975	114.87940706463537	116.15166004086073	178.25018530642384	1.0	1.0	1.0	7.34286587240187	3.675367500612531	5.9985785484313965	2.4789977073669434	640483.0	0.0	19.608007431030273	6.66671895980835	33.075189828491084	76.34921823756116	322.03533935546875	310.3798522949219	29027.0	199.1610336303711	487.04091491699216	91.69432067871094	0.9349326258352524	52.5911149256721	644.2880249023438	644.482666015625	24163.0	552.7953918457031	734.2120300292969	56.29618835449219	1.5526783129573083	40.49886680813094	996.4340209960938	999.997802734375	266046.0	910.3939971923828	1066.4564819335938	47.43033981323242	0.15643629431724548	0.43390536308288574	0.48064425587654114	0.6543048515282339
sub-1191_ses-1_acq-D1S0201_T1w	0.31220820941024774	4.100798927914643	0.7094052865030316	38719.5	4.476743333333334	4.40939	4.64625	4.37459	0.2056219025241009	0.4437405685028252	0.35063752897307393	2.1706972122192383	0.9765038132667538	0.011542978750944625	0.0001610166538459303	21.07007330232719	10.516306956005794	14.960534829215815	256	256	150	3.4747935345355794	11.39732398951119	10.699892657691366	17.227560449027333	48.312891826338976	97.24308530015703	97.44956778395813	146.79272622537837	1.0	1.0	1.0	13.615993297589867	4.46300381747269	4.507542133331299	3.0102503299713135	322315.0	0.0	15.455036926269528	5.270857810974121	18.86251437668534	83.81136586601743	338.6880187988281	329.1232604980469	23385.0	206.42493896484376	501.23146362304686	94.71533203125	0.2469881144050321	56.95802275408051	665.432373046875	662.4517822265625	34871.0	574.285888671875	763.3984680175781	58.122615814208984	4.134606132933568	48.42735907361532	999.2197875976562	1000.0001831054688	196305.0	901.3295043945312	1089.3656982421876	58.04638671875	0.1614971160888672	0.463565856218338	0.4886493980884552	0.5266645809700895
sub-1192_ses-1_acq-D1S0201_T1w	0.2663017807305368	4.4009265150553745	0.6876560509888692	45598.8984375	4.5167166666666665	4.41844	4.71571	4.416	0.185636072562726	0.4584839975750327	0.3558799298622413	1.6910961866378784	0.786986172199249	0.008570485354734167	0.00010218039805597932	19.146324799114748	8.6631993006993	12.394261159706438	256	256	150	3.4845043843889245	11.080500447425667	11.015625996570705	18.48187315789752	49.94789357041401	99.29868426826465	100.78132620930451	153.09740078923485	1.0	1.0	1.0	12.480147143850093	4.279208754708533	3.822420597076416	2.886282444000244	547317.0	0.0	12.2920991897583	4.662194728851318	5.6616018279024285	81.2552253528804	338.8301086425781	326.2488098144531	26603.0	220.47540283203125	494.9872924804685	93.626708984375	2.202625548969781	50.43001225340948	652.6130981445312	648.5974731445312	47947.0	566.8929077148438	751.7317626953125	58.534423828125	3.1657469376442124	43.148846341079384	998.2180786132812	999.9990234375	229957.0	903.4051879882812	1081.3451416015625	54.10689926147461	0.15944412350654602	0.45993566513061523	0.47260400652885437	0.5417443873826998
sub-1193_ses-1_acq-D1S0201_T1w	0.2765450653452345	4.4495925080211745	0.69728539007071	54646.0234375	4.447043333333333	4.38049	4.65456	4.30608	0.18948219287372636	0.4495857539099902	0.3609320532162834	1.6922842264175415	0.7383822321891784	0.024693861613609397	4.312027823881894e-05	20.52733062687826	9.54353979758148	13.342322163134916	256	256	150	3.263041347242033	12.335163716147017	11.576214593212818	19.1304387162494	56.06038515545845	111.97782418941902	112.16852012848864	168.46735104058845	1.0	1.0	1.0	6.651968986259625	3.8888096307496065	5.588967800140381	2.622962236404419	473876.0	0.0	19.209327697753906	6.550474643707275	2.941599648221433	92.91194097056393	351.8061218261719	332.7676086425781	23526.0	225.76276779174805	534.3043975830078	101.97864532470703	1.1271275797158298	49.11201290572063	667.3479614257812	664.6867065429688	37839.0	585.0036743164062	759.4588562011718	53.88480758666992	1.3183140372020237	43.61767947670424	996.9762573242188	1000.0016479492188	216941.0	901.3081665039062	1076.47509765625	52.272682189941406	0.15008415281772614	0.4454689919948578	0.4720279574394226	0.5660819727297366
sub-1194_ses-1_acq-D1S0201_T1w	0.34861770393021	3.5840669026879346	0.723828845949415	13629.4482421875	4.781903333333333	4.54103	5.00669	4.79799	0.2159030716210289	0.4181211554608685	0.3659757729181026	2.1969287395477295	1.046808660030365	0.0	8.904799969453424e-05	19.089337277618668	10.224484009497878	13.863222555495737	256	256	150	3.5336523445854766	10.555257511081711	10.890966567210947	18.583989845965657	60.84936006811129	110.75613591066096	110.37787001346176	159.52811406161308	1.0	1.0	1.0	7.284463139784743	4.106713737845004	6.500863075256348	2.7699363231658936	431656.0	0.0	22.052950382232666	7.395012855529785	0.8785342931018745	107.91527999199457	383.2205505371094	381.43341064453125	23056.0	214.2246856689453	555.0771331787109	107.94076538085938	0.7142058927524579	62.245675063280814	698.5360717773438	694.2733764648438	24901.0	599.7715454101562	813.7619018554688	65.7738037109375	1.7156394847557	44.33599590800901	998.1367797851562	999.9998779296875	231005.0	902.7337402343751	1080.8005615234374	53.809635162353516	0.14063231647014618	0.4386388957500458	0.4751136004924774	0.6580490112520632
sub-1195_ses-1_acq-D1S0201_T1w	0.31792760484737764	3.9729658956357157	0.6586633059560528	71535.359375	4.7707533333333325	4.76269	4.97629	4.57328	0.20246235158975653	0.4230230805980899	0.37451456781215353	2.318402051925659	0.9715850353240967	0.009507199359959206	8.85060916858212e-05	20.365357717176455	10.331293813205276	13.85190962018219	256	256	150	3.5206829272000655	11.693854681267814	11.51979682432878	19.344852864518465	69.49551554556778	131.7390939701179	130.91962285440053	191.5242590475159	1.0	1.0	1.0	19.980298261268665	3.420649167401688	4.596490383148193	2.3277945518493652	555396.0	0.0	16.857625007629395	6.419932842254639	2.4304235817683404	96.09825981925228	369.4031982421875	362.85540771484375	17868.0	213.95903778076172	536.301525878906	103.06104278564453	0.9144742766795639	53.83622388719114	690.1265258789062	687.846435546875	25134.0	598.6942169189454	790.956411743164	58.82001876831055	0.9011388600227495	45.40645751346629	995.9635009765625	1000.0014038085938	224504.0	899.8286193847657	1073.0723205566405	51.693294525146484	0.14855903387069702	0.4428354501724243	0.4850378930568695	0.5485749481538655
sub-1196_ses-1_acq-D1S0201_T1w	0.2881329407420378	4.3134211045361095	0.6786314696268231	62974.81640625	4.95189	5.00351	5.15314	4.69902	0.20543526506506843	0.41461951885090204	0.37994521608402954	1.9359571933746338	0.907785105705261	0.01189773896525341	1.8742072936669912e-05	19.265496406185285	9.99548981858494	13.053735292499628	256	256	150	3.506269109576383	12.105820243196526	12.653203706964087	22.34752176811935	62.812702526531645	124.91191516009255	123.17111736037474	181.7887343945	1.0	1.0	1.0	18.18487205153941	3.6038104406794886	5.060764789581299	2.4307332038879395	564813.0	0.0	17.132111358642582	6.113156318664551	0.9731439542206894	92.00115048415896	357.4783935546875	345.5235900878906	22369.0	214.4480712890625	525.045654296875	98.54231262207031	0.754397659090456	52.15395359036933	688.8817749023438	687.1223754882812	26361.0	599.5925903320312	785.2380981445312	56.75859451293945	1.240847499408929	37.994532311235034	996.5150756835938	999.9935302734375	246096.0	913.9468536376953	1062.8590087890625	44.747310638427734	0.15533775091171265	0.44088080525398254	0.4973747432231903	0.5723160275448151
sub-1197_ses-1_acq-D1S0201_T1w	0.274917093971812	4.589945883935058	0.6420513120922087	73331.9140625	4.538963333333332	4.46099	4.7331	4.4228	0.1898302950410675	0.440809055117084	0.36936064984184847	2.3447301387786865	0.9301576614379883	0.013529361219058499	5.353915317420231e-05	23.962644279151707	11.37746425090426	15.749982624437315	256	256	150	2.8051121443473197	12.308270433109437	11.4846856059562	19.340674240411843	69.6881569391681	132.36457667408473	134.4128179000333	201.18572008684706	1.0	1.0	1.0	10.348323878143576	3.256369377226613	3.8659279346466064	2.2398319244384766	495906.0	0.0	14.107943534851074	4.8793768882751465	37.447491217362	89.78747262336168	361.38385009765625	346.386474609375	15066.0	221.46294021606445	530.4405364990234	123.47990417480469	0.4885016706267491	50.82256159568715	659.808349609375	657.9209594726562	34703.0	574.9226806640625	750.050634765625	53.452796936035156	2.2297974738788477	43.22024362809116	995.718994140625	999.9979248046875	194772.0	900.9966644287109	1071.2519836425781	51.70426559448242	0.15520912408828735	0.47131189703941345	0.496735543012619	0.5239276082639451
sub-1198_ses-1_acq-D1S0201_T1w	0.30035894717104805	4.3330147988123064	0.6999874117818689	55784.16015625	4.669086666666667	4.60062	4.85075	4.55589	0.19490498097731657	0.44552026836131836	0.3595747506613651	2.1392571926116943	0.8483987689018253	0.006942051921684516	4.5153567344023947e-05	22.024591276953995	10.732866223892024	15.319419349055758	256	256	150	3.154399696621352	11.270633944372594	11.20971664422386	19.20411629167764	57.815799711797006	117.59912215954319	117.93989889627257	178.40477481747752	1.0	1.0	1.0	13.762441291290006	3.6721780513457216	5.8841471672058105	2.47684645652771	300386.0	0.0	20.592201709747314	7.432356357574463	58.53419965223853	77.21734228438937	338.33453369140625	324.0697937011719	16127.0	217.48645935058596	499.3036254882811	102.73262023925781	0.924446509810779	56.041938552478854	662.089599609375	659.16796875	33652.0	572.9775817871093	759.5558502197265	58.48456954956055	0.9563543050500432	46.32896656599042	996.8863525390625	999.9965209960938	204775.0	903.6093688964843	1075.506213378906	52.071861267089844	0.16588883101940155	0.46714991331100464	0.5014083981513977	0.5775140034018216
sub-1199_ses-1_acq-D1S0201_T1w	0.31172131566676403	4.113222283233119	0.6209426533546119	72874.671875	4.294926666666666	4.20263	4.52537	4.15678	0.19501384625252516	0.4415342173659265	0.3634519363815483	1.7073891162872314	0.522969609498978	0.015148816534617249	3.110853950004354e-05	26.434167927505815	13.019753574594054	18.60334966619593	256	256	150	2.238832203909274	10.54437059703432	11.311524661331271	21.15137118305022	70.6237998738096	135.68938345038652	136.03036554630947	201.77791331473233	1.0	1.0	1.0	13.86934643683946	3.2468042107454127	4.37756872177124	2.1899361610412598	664329.0	0.0	17.90621223449707	6.1968278884887695	94.49217203871537	95.26357214447837	371.3733825683594	350.0059814453125	13123.0	218.22698364257812	567.3656860351562	156.32821655273438	0.3846006936984727	61.586675389436394	674.7551879882812	672.4658813476562	28150.0	574.5387817382813	781.5353607177734	63.773738861083984	1.330008016294805	40.51126405568559	996.5016479492188	999.9954223632812	176390.0	911.579672241211	1066.9012878417968	47.27790832519531	0.1525047868490219	0.45210275053977966	0.49853453040122986	0.6268459679355329
sub-1203_ses-1_acq-D1S0201_T1w	0.31312204119351444	4.1246459736693994	0.6342396909393299	81783.8359375	4.22283	4.21497	4.41918	4.03434	0.20468309606625384	0.434272695430069	0.36104420850367713	1.5049078464508057	0.5496528387069703	0.011389396447215615	4.416046002267968e-05	21.29787480722325	10.848410628779535	15.162091883656984	256	256	150	2.9748256214933124	10.053554801662267	10.946433257946117	19.810919350682767	64.43155663528151	135.6193926950397	135.37285743527738	206.0676229755109	1.0	1.0	1.0	9.04696855222973	3.1792036514932303	4.627355098724365	2.1443402767181396	810333.0	0.0	17.6821620941162	6.062843322753906	87.06185882504317	72.08825258123011	329.66522216796875	312.6693115234375	32612.0	214.27992858886716	494.67354888916	105.10347747802734	0.6543534414294156	61.76290633551425	661.2037963867188	658.1250610351562	23891.0	559.2964172363281	773.0287475585938	65.46055603027344	2.0940381880680397	45.28307322849727	998.7886962890625	999.99169921875	202068.0	913.9784484863281	1077.038684082031	50.47666931152344	0.16682755947113037	0.44911280274391174	0.4908910393714905	0.6141502881778568
sub-1204_ses-1_acq-D1S0201_T1w	0.27606044149815706	4.655881499347851	0.6445551076775232	81455.5078125	4.97971	4.99108	5.2407	4.70735	0.20912900438474694	0.4163650916989718	0.37450590391628125	1.7030963897705078	0.709622722864151	0.007819413167135955	3.157184773247817e-05	22.19344196467276	11.599916010675548	15.6379281011553	256	256	150	4.269592024028717	14.162306632533673	13.358006951546473	21.642122198077033	80.00389771773716	133.58631910878572	136.0323110877699	194.5067164367868	1.0	1.0	1.0	10.76592565592526	3.3681881528793567	4.976468563079834	2.271808385848999	594717.0	0.0	17.109041976928708	6.222995758056641	0.44186284283245403	98.32528508161386	403.4300537109375	411.316162109375	13403.0	249.92010803222658	550.3498840332031	96.33258056640625	0.866133500027487	45.408719784917864	688.87255859375	686.794189453125	23360.0	614.9203552246094	770.8140930175781	48.49347686767578	1.049273511803193	41.05452592206732	996.2792358398438	999.9982299804688	195953.0	912.1144775390626	1064.28818359375	46.205989837646484	0.14756573736667633	0.4567861557006836	0.49946659803390503	0.5135043294402083
sub-1205_ses-1_acq-D1S0201_T1w	0.31664743505508214	3.964530138680568	0.6187240813477081	89010.40625	4.445049999999999	4.3958	4.66093	4.27842	0.1848501697502782	0.4354609782651629	0.3796888519845589	1.78196120262146	0.7842142522335054	0.02282591134867573	8.710704696211267e-05	19.417628998395948	9.089977431927208	12.30780072571952	256	256	150	1.5419765486425445	10.613684358315222	10.864533091337785	20.437938367055587	73.04906002634236	142.16379951942403	141.44048235994345	209.10858753406393	1.0	1.0	1.0	15.355603610853422	3.1329914548960525	3.465147018432617	2.12742280960083	979155.0	0.0	13.571068763732907	4.89868688583374	64.12574422860013	99.91054917859203	386.9403076171875	349.33502197265625	18757.0	226.9837829589844	572.8441040039064	226.5441131591797	0.8556773546193162	58.64047403261844	685.4124145507812	679.8553466796875	34400.0	590.7137603759766	800.9403503417968	64.05367279052734	1.0428752759464022	42.732045448840815	998.83349609375	999.99853515625	258239.0	914.6996520996094	1076.9683715820313	48.92844772338867	0.16324275732040405	0.4502561390399933	0.5002694129943848	0.5087064414836973
sub-1206_ses-1_acq-D1S0201_T1w	0.3045892719725167	4.162235142119258	0.6802694754860942	49154.96875	4.5132233333333325	4.40027	4.65842	4.48098	0.21445724617334283	0.42300802871512766	0.3625347251115295	2.07289981842041	0.9114231407642361	0.01661112324584073	9.811709545870645e-05	20.47100371669019	10.909514065396827	15.003098831469465	256	256	150	3.215581413582752	10.609142871390352	11.67211007951591	21.191605953574626	54.345120388179396	112.43544472260069	111.48650689014092	167.67895555964265	1.0	1.0	1.0	6.746501448502711	3.907078356420878	5.482695579528809	2.6618990898132324	560254.0	0.0	19.5716890335083	6.644637584686279	33.99619607108108	90.55040104769157	334.9993591308594	324.1014404296875	22335.0	194.92073211669924	499.80840454101565	100.7886734008789	0.686228098557276	58.67517727668563	675.1732177734375	670.5383911132812	21185.0	581.1918579101563	787.2279907226563	63.20233154296875	1.9076040262891167	41.67456928151559	997.6961669921875	999.9976196289062	217083.0	916.1783935546875	1069.62080078125	47.18827438354492	0.16382107138633728	0.45811018347740173	0.4978907108306885	0.5953450011229426
sub-1208_ses-1_acq-D1S0201_T1w	0.30967757244753863	4.1143395867148795	0.6536963125782937	66985.59375	4.719916666666666	4.63002	4.93633	4.5934	0.20291725665639485	0.414323666679037	0.38275907666456815	1.7520380020141602	0.715470552444458	0.012628945910082312	5.2127003797160405e-05	22.315134196197775	11.545362768176686	14.914947652675233	256	256	150	3.3076864457187725	11.233101722708048	11.903260388026451	21.16899299565253	63.254667225975965	132.9212361590056	130.33291530671298	194.82284253515735	1.0	1.0	1.0	36.11674252028888	3.362721586004569	5.010720729827881	2.2681212425231934	613723.0	0.0	18.675693702697753	6.5926032066345215	2.898205543002402	87.35428656361788	343.12701416015625	324.67718505859375	30510.0	226.6656753540039	520.4781951904297	98.15678405761719	0.7660346153788207	55.96850522116066	686.6399536132812	682.2657470703125	22431.0	595.1965026855469	792.8532104492188	60.735721588134766	1.0157999409275291	42.42600536687146	997.6801147460938	999.9978637695312	225555.0	915.2528137207031	1069.7373657226562	47.23869705200195	0.17245200276374817	0.44639113545417786	0.5009346008300781	0.6057183399171427
sub-1209_ses-1_acq-D1S0201_T1w	0.32221205088735105	4.000346213075597	0.6738069813907887	61163.234375	4.564773333333334	4.55757	4.7015	4.43525	0.18475937819725138	0.438215712794527	0.3770249090082216	1.7967028617858887	0.7720017075538632	0.0223611967320762	5.2855432489574665e-05	23.262018518695474	10.75261750623853	14.525227598924593	256	256	150	2.867086093251096	11.615884055736023	10.567150709000808	17.21848197801531	62.38254302881633	120.14373705519381	120.49070630087469	178.94583881861394	1.0	1.0	1.0	10.2376861231959	3.661092214273165	4.521229267120361	2.4693691730499268	472697.0	0.0	17.248959350585892	5.824239253997803	32.96192444119342	97.45575842648566	361.9372253417969	348.61175537109375	13540.0	208.73011627197263	543.7235046386719	121.58647155761719	0.5978414903318332	54.955007610854096	673.3479614257812	671.3980712890625	27793.0	583.0385864257813	770.9347290039061	57.79895782470703	1.0607057157200757	50.924906756156496	997.9275512695312	1000.0012817382812	203356.0	894.6920623779297	1087.806884765625	58.07706069946289	0.15089084208011627	0.44885411858558655	0.4870496094226837	0.5264216061924069
sub-1210_ses-1_acq-D1S0601_T1w	0.32376705909281694	3.8526848246075516	0.6739485143613888	54978.8828125	4.52301	4.58149	4.68923	4.29831	0.20767230963473846	0.4250579315604062	0.36726975880485535	1.9816780090332031	0.7901283740997314	0.0	0.00012771754966340885	21.687197327455756	11.268493214650517	15.69479334320479	256	256	150	3.486844312140575	10.987102984729917	12.516811751044024	23.07648795626158	60.56027978386033	117.39573326234064	115.1181620096114	167.39847298263322	1.0	1.0	1.0	8.738501692038495	3.913606423478335	6.859646797180176	2.6396875381469727	678160.0	0.0	21.90102796554564	7.700973033905029	0.5116990455062944	115.70396388177147	371.24908447265625	361.7706298828125	17131.0	227.14273071289062	541.440673828125	103.74999237060547	0.6901014474072187	59.628634202667335	706.0654296875	701.2901611328125	31820.0	611.0154907226563	819.477328491211	63.827484130859375	1.5834677113440616	37.0814795533785	998.5818481445312	999.992919921875	217648.0	924.7601440429687	1065.72607421875	43.333744049072266	0.16038979589939117	0.46425217390060425	0.5054541826248169	0.5981348828950407
sub-1211_ses-1_acq-D1S0201_T1w	0.2703708850223528	4.634298653521764	0.6341656244292445	83392.6640625	4.678146666666667	4.72814	4.77595	4.53035	0.18427077129874098	0.4507495726599959	0.36497965604126315	1.7913026809692383	0.7137763500213623	0.014055287222658704	4.459429169954433e-05	22.247008390681085	10.240269564459819	14.545808698977382	256	256	150	3.489516172561785	11.981111029787854	11.91356170850068	20.2700579231524	73.13135870216826	139.18292945128886	141.33949285249284	211.70419040402138	1.0	1.0	1.0	18.583184687335955	3.094578792608101	3.137242317199707	2.1023194789886475	657970.0	0.0	11.292769050598142	4.371724605560303	8.208892176722657	88.81243362773193	356.3804626464844	345.440673828125	13129.0	219.13483581542968	522.8432617187494	98.9900894165039	0.6339283743145745	50.80844502182931	660.8952026367188	657.4395141601562	41359.0	576.9575378417969	755.0411254882812	54.872337341308594	1.8690458966900003	41.80949115088765	997.7193603515625	999.9983520507812	212009.0	911.2008666992188	1072.6827148437499	49.33365249633789	0.14517441391944885	0.458406001329422	0.4883325695991516	0.5393316615507585
sub-1213_ses-1_acq-D1S0201_T1w	0.3197315396906723	4.062562437622573	0.6373984104272182	81671.859375	4.572713333333334	4.54491	4.73263	4.4406	0.19293332726962523	0.4471111891986151	0.3599554835317597	2.002248525619507	0.7738240361213684	0.01817184075816352	7.975160771809135e-05	23.948140171267987	11.407566128001267	16.22206351426041	256	256	150	3.1660649344472636	11.917546911162367	11.00011681019671	17.9167385849805	75.48578704248305	142.6106892309196	142.9894888015867	210.87199013135748	1.0	1.0	1.0	13.634673992749264	3.1067924073472604	2.8700103759765625	2.120997428894043	509066.0	0.0	10.950282096862793	3.712433099746704	6.377683442127532	102.57636461170152	368.0141906738281	357.96923828125	10259.0	205.03773193359376	563.2354431152344	113.05889129638672	0.3196021410428478	54.46744286761019	676.7889404296875	676.2894287109375	26078.0	583.4002136230469	770.4313598632812	56.746280670166016	1.061188677397971	49.032607177770274	995.2456665039062	999.9986572265625	179982.0	891.5831329345702	1077.4178100585934	55.813499450683594	0.14641214907169342	0.4614272713661194	0.4863395094871521	0.5088679142314594
sub-1219_ses-1_acq-D1S0201_T1w	0.28180653627691765	4.485749502034643	0.6125364697554404	71646.4453125	4.8379666666666665	4.81767	5.08825	4.60798	0.1906228968353179	0.44884039942915926	0.3605367037355228	2.0390591621398926	0.8061367154121399	0.017236219460267214	0.0001977421408500572	24.12042119551755	11.453473843090581	16.295904408321626	256	256	150	3.485793266536195	12.004241070697992	11.422691373541753	18.778039783391073	207.5950494365787	399.7907750867913	405.2328915163793	608.3128500257678	1.0	1.0	1.0	22.455248423965568	0.0769706048206838	2.238675594329834	2.2241134643554688	628955.0	0.0	6.74519371986389	2.515254259109497	1.851388157104398	96.30109507760068	350.1180114746094	341.262939453125	10822.0	209.62237319946288	514.8841400146484	97.89656066894531	0.6110312499522328	51.61955982807778	658.1803588867188	657.2111206054688	33114.0	569.4376617431641	748.2801452636719	54.74741744995117	1.583348158087344	44.980019344843996	994.3090209960938	999.9979858398438	186345.0	891.5273315429687	1070.2656494140624	53.25344467163086	0.1606452912092209	0.4702059328556061	0.4990507662296295	0.5194065034106494
sub-1220_ses-1_acq-D1S0201_T1w	0.2976435009774524	4.2802662473274165	0.6325418521170899	73602.4375	4.407523333333334	4.42522	4.57993	4.21742	0.1888611913294441	0.455360875176299	0.3557779334942569	2.172480821609497	0.8020684719085693	0.03277096801621543	3.183930427817204e-05	23.24735932719523	10.840109064529099	15.571102926601574	256	256	150	3.2510124080682976	11.203111904668873	11.294710423167835	19.430006956766334	67.60519955829525	128.09854047874722	129.61215087593988	193.1327125907771	1.0	1.0	1.0	13.854974548293857	3.3921547980293307	4.579711437225342	2.287973642349243	691947.0	0.0	16.906777763366698	5.942515850067139	38.20226937625558	89.42166332964166	359.6490783691406	350.0451354980469	16835.0	226.10648040771486	530.2547302246094	107.6694564819336	0.676816373918224	55.381581515763486	667.2008666992188	663.2666015625	40975.0	577.3964782714844	771.0477661132812	59.203060150146484	1.2973508237274185	44.84478075746871	997.1528930664062	999.99951171875	190420.0	904.8740783691406	1074.9913635253906	51.46662521362305	0.14571385085582733	0.45207464694976807	0.4756484627723694	0.5493905270440137
sub-1223_ses-1_acq-D1S0201_T1w	0.3010519272670696	4.153230734262049	0.6503675033291988	77738.6796875	4.867306666666667	4.77733	5.15819	4.6664	0.16866479319734629	0.4529986195708817	0.378336587231772	2.3460657596588135	1.210464763641357	0.029955952566831298	5.796605796475546e-05	20.1388556375219	8.588060923286454	11.66077127005253	256	256	150	3.093802436094212	11.823649143426616	11.8403766968759	20.60367851110687	208.0878114982417	384.5428458113013	384.5068487450057	560.889888925474	1.0	1.0	1.0	22.2200623283258	0.1680298585859786	2.8754255771636963	2.3324689865112305	571713.0	0.0	9.57137508392334	3.5890960693359375	9.032284520870988	101.99708738381067	384.45428466796875	370.9956970214844	16051.0	217.33499908447266	582.9236145019531	119.91203308105469	1.4150947135748382	52.692012232412445	690.1878051757812	685.5939331054688	53597.0	604.1033935546875	790.9775268554687	57.98442840576172	1.395549221530791	41.96042990213688	998.6878051757812	999.9996337890625	273295.0	914.497314453125	1074.823779296875	48.534915924072266	0.13690932095050812	0.45428064465522766	0.49058905243873596	0.4894191425953238
sub-1225_ses-1_acq-D1S0201_T1w	0.3314515250894151	3.820953252766047	0.6447036739200674	54165.77734375	4.549816666666666	4.55704	4.75529	4.33712	0.1929255926866982	0.4430162615845797	0.3640581457287221	1.6409014463424683	0.6549813747406006	0.027546014242886597	3.6466101435405844e-05	22.78857297932122	10.937472451142916	15.231819859149644	256	256	150	3.3218858230827557	11.268957020598743	10.96717181226824	18.310672593123225	63.93973529732574	116.92470319087053	117.10497133965028	170.45047553075455	1.0	1.0	1.0	9.936935758444537	3.843552890360806	5.949976444244385	2.5969388484954834	723961.0	0.0	23.72965431213379	8.150164604187012	30.620781361881527	93.5730219341438	379.14141845703125	375.12152099609375	15275.0	216.01138000488282	545.805499267578	112.92057037353516	0.7818942277661964	55.64119978754648	688.8687744140625	685.9736328125	32464.0	595.3838592529297	795.6569305419922	60.87192153930664	1.168933342841611	48.44283301034411	997.9711303710938	999.99853515625	208168.0	903.2814453125	1081.9760009765625	54.61274719238281	0.14955797791481018	0.46577879786491394	0.5070202350616455	0.5496036675430911
sub-1228_ses-1_acq-D1S0201_T1w	0.36563631425954635	3.5062484023738483	0.6552386957123851	54500.97265625	4.599473333333333	4.56958	4.74544	4.4834	0.23273261141912716	0.41582768886821836	0.3514396997126545	2.0704116821289062	0.9983844041824339	0.010111566018423746	3.256938860694465e-05	20.655762173209716	11.538410965716	15.633796350548927	256	256	150	3.510121341922029	10.666866828311186	10.150989986326467	16.275981788746183	57.652404653302746	114.5554336899263	113.05322977795164	166.9518509906259	1.0	1.0	1.0	35.92668435546528	3.9241152045907826	5.163869857788086	2.6523845195770264	622963.0	0.0	21.5964937210083	9.968494415283203	0.9605304201253051	91.89957449598315	351.2854919433594	345.3245544433594	37665.0	200.7444854736328	520.5862426757809	98.37835693359375	0.6176627281468536	60.88840268319259	690.5489501953125	686.1605224609375	19859.0	594.0612609863281	803.6639831542968	64.32472229003906	1.7308009688596062	53.863778353471346	1003.0410766601562	1000.0029296875	183865.0	906.168505859375	1105.7372314453123	61.44023895263672	0.15158772468566895	0.44125425815582275	0.48391833901405334	0.524588462554175
sub-1229_ses-1_acq-D1S0201_T1w	0.318354816256775	4.009088495394056	0.7329969008538663	9256.3984375	4.34295	4.26449	4.6433	4.12106	0.20606885049478768	0.42707250654081613	0.3668586429643962	1.9444236755371094	0.7086325883865354	0.0	8.95343499669872e-05	21.37559312208928	10.989682656271887	15.053182187535723	256	256	150	3.3801921430184505	11.07826504315947	11.432320500045243	19.838504313957806	24.351708760315603	48.34951373227014	48.00394710255435	71.3106188150773	1.0	1.0	1.0	8.285012966252548	9.187045482064239	11.549225807189941	6.30112886428833	403545.0	0.0	35.53245391845703	12.805669784545898	3.3300714521403254	86.9076236882185	354.36749267578125	341.4865417480469	25098.0	215.23644638061523	532.0088317871093	101.02376556396484	0.670129299077729	57.4257699994086	682.159912109375	678.01025390625	25281.0	590.02880859375	789.3751831054688	61.20063400268555	1.0572443562421405	45.08001174300371	998.0758666992188	999.9962158203125	210522.0	910.4190338134765	1076.4380798339841	50.406715393066406	0.1625027358531952	0.4535212814807892	0.4891923666000366	0.5732661413509987
sub-1231_ses-1_acq-D1S0201_T1w	0.3185787702252192	4.0161488197227095	0.6400714069333526	56178.68359375	3.9274399999999994	3.80333	4.1792	3.79979	0.22293204359852287	0.4233070309770927	0.35376092542438436	2.364027500152588	0.7818546295166016	0.0	6.117475738369888e-05	26.346389826894164	14.359515014352281	19.927082504168784	256	256	150	2.8189196415733067	10.849506949615074	11.389885551694013	20.501230063893654	64.15119017757789	129.09525019101164	127.76854358912813	190.0591903987949	1.0	1.0	1.0	26.794196307482235	3.4470060437322187	7.332186698913574	4.43914270401001	664235.0	0.0	24.00189418792724	8.975000381469727	182.04170868515266	82.28306576418996	351.5252685546875	337.5320739746094	24843.0	220.57574005126955	524.1007202148437	119.73568725585938	0.15466184412716144	62.243231810113116	681.3326416015625	679.23583984375	14460.0	584.5434814453125	787.2949737548827	62.60306167602539	2.2712742510283848	39.9448365296397	997.1138305664062	999.9981689453125	146848.0	910.3316162109375	1069.134912109375	48.777305603027344	0.1624068170785904	0.4441682994365692	0.48989740014076233	0.6153459164254099
sub-1240_ses-1_acq-D1S0201_T1w	0.30587524581042885	4.270664821748525	0.6205883816745611	72246.03125	4.57801	4.65094	4.67036	4.41273	0.22993657950368857	0.40627940564317216	0.36378401485313927	1.463456392288208	0.5163500905036926	0.01597417223020088	6.199621125732536e-05	22.797221058740117	12.962044118534209	17.539562628543486	256	256	150	3.3692557224132145	11.892163331277267	12.700508385528797	22.840106102895913	70.96520412476292	137.3017150813122	135.87106696302465	199.3462816829988	1.0	1.0	1.0	12.55435011491777	3.286432490458673	4.733121395111084	2.216665029525757	810548.0	0.0	18.077892780303934	6.339915752410889	1.3744173095318537	102.62722047393297	367.2770080566406	355.99053955078125	22761.0	221.63607788085938	553.188232421875	105.65618896484375	0.5378809856415465	55.98787026478616	688.720458984375	688.7616577148438	16563.0	594.0898925781249	782.2025451660156	57.915523529052734	1.6332378075303868	39.21303696048352	999.0498046875	1000.0026245117188	180119.0	923.937548828125	1067.6530029296875	43.78262710571289	0.16164124011993408	0.45194879174232483	0.5013315081596375	0.5917558012852395
sub-1246_ses-1_acq-D1S0201_T1w	0.2850454717796108	4.516777099573675	0.5972228070426983	83933.4296875	4.544160000000001	4.40979	4.79552	4.42717	0.1937761639338111	0.44543893182825306	0.3607849042379358	2.1699891090393066	0.7010713696479796	0.018080230245927212	3.122834133963546e-05	25.793661876839824	12.219925869104502	16.926852144551862	256	256	150	3.6129345934947317	12.069620321164269	11.3719888638088	18.433411676767403	64.36098214506465	140.57325812303017	140.06426080272695	215.25854214008598	1.0	1.0	1.0	21.003475165234185	3.0434827407748735	3.5586555004119873	2.0740737915039062	792452.0	0.0	15.055261087417604	5.493051052093506	1.429451099680409	67.75460014315988	316.7442932128906	298.9935302734375	21236.0	208.89097595214844	473.99725341796875	82.75447082519531	0.23706911503537098	52.53953513657614	654.1409912109375	653.0430908203125	27835.0	565.5136779785156	743.3608581542969	54.105377197265625	1.530343196120839	46.35864756743511	996.074462890625	999.9989013671875	167603.0	896.1605407714844	1077.3991821289062	54.24909591674805	0.1619594395160675	0.4564903974533081	0.4893525242805481	0.5048861966786788
sub-1247_ses-1_acq-D1S0201_T1w	0.3543295713173432	3.5223954144110756	0.6145588649727981	79936.875	4.872436666666666	4.78099	5.09423	4.74209	0.2261415904166762	0.40352400847623693	0.3703344011070869	2.455650806427002	1.1132399559020993	0.020720586769305112	0.00013038156411500427	19.289833573955672	10.764564647810497	14.039296806142776	256	256	150	3.6366462547031184	10.627185391301925	10.645641600730148	17.6730931561854	216.79879193221296	411.1525379014811	406.5040473555302	591.5608122328965	1.0	1.0	1.0	31.25452034051232	0.10747980970460184	2.8912458419799805	2.232347249984741	804647.0	0.0	9.342660617828368	4.168289661407471	0.32413332755060686	102.12773356013925	368.7054138183594	366.489013671875	29276.0	211.23650741577148	533.9953460693359	100.7749252319336	0.8744704938360433	59.865041569357146	700.3190307617188	695.03564453125	23377.0	603.3934936523438	818.4205078125001	65.4002685546875	1.3823196229430996	48.19570247697382	1001.097412109375	1000.008056640625	221774.0	908.5013610839844	1095.286376953125	56.583518981933594	0.15434063971042633	0.4484942853450775	0.48141971230506897	0.4610404773475259
sub-1248_ses-1_acq-D1S0201_T1w	0.2989108141837388	4.11987718137618	0.6224893746445123	82082.3515625	4.532123333333334	4.51481	4.77029	4.31127	0.19308355822313578	0.44460963918663265	0.36230680259023157	1.8351733684539795	0.682760953903198	0.02353215645289867	4.772472761861246e-05	25.80264467096419	12.161229488706915	16.79396415928746	256	256	150	3.3125731074578124	11.304147043415995	11.031656790525703	18.478250220703305	67.7964836919019	139.26923099475883	138.4272582875259	208.216060175917	1.0	1.0	1.0	11.943266577108258	3.1464152081218484	4.108633995056152	2.122224807739258	736697.0	0.0	15.656608963012694	5.504310607910156	1.9961508668431875	90.16898208095566	340.35870361328125	325.6053161621094	18908.0	205.19885482788087	512.524966430664	98.29117584228516	0.8409566868292444	53.451773476710116	671.6608276367188	668.8665771484375	26648.0	579.8876800537109	775.374932861328	59.168907165527344	1.2573214866006994	45.526584127545036	997.2567749023438	999.9966430664062	168797.0	900.3633666992188	1080.5478271484374	54.11733627319336	0.16158245503902435	0.45812010765075684	0.49144086241722107	0.5689775524510395
sub-1250_ses-1_acq-D1S0201_T1w	0.3374293559136035	3.72650227887357	0.6375224085723614	57474.5546875	4.614773333333333	4.51537	4.88201	4.44694	0.22861960338479645	0.3943206750238199	0.3770597215913836	1.9840104579925537	0.8353334784507751	0.0	4.0297446752484586e-05	24.355290343695582	13.89708689887392	17.780192400227467	256	256	150	3.430424104944091	11.774067333839442	12.107188198750007	21.11707315746649	63.31547735191155	120.91489834475807	118.15699052799107	170.24059588730358	1.0	1.0	1.0	19.455673364750567	3.848319567005262	8.554197311401367	2.5956521034240723	900352.0	0.0	32.859346008300776	12.808752059936523	1.2275839878279449	105.13164546168694	377.3736572265625	371.9197998046875	18546.0	212.63270950317383	559.29541015625	108.41510009765625	0.5574758487404958	56.76455329954163	712.1433715820312	710.2630615234375	15041.0	617.6920166015625	815.4453125	60.32235336303711	1.4504193191831787	41.00317236011652	998.0430908203125	1000.005859375	181072.0	915.3996429443359	1070.926007080078	47.355194091796875	0.15499305725097656	0.440878689289093	0.49207285046577454	0.6179529993102982
sub-1251_ses-1_acq-D1S0201_T1w	0.4333905382194506	2.8530332551890543	0.7011673697773452	10407.5478515625	4.560803333333333	4.53994	4.82044	4.32203	0.24091092451356663	0.3944904982101853	0.3645985772762481	1.6175304651260376	0.5952309846878052	2.0743898018630203e-05	1.3260192800052812e-05	23.829290755366422	13.950107171634617	17.861435203413574	256	256	150	3.7094223155054915	10.94248134213116	9.656692071004358	14.318172555376421	49.62120882114011	90.02315883006695	88.57365993714905	126.07661216024009	1.0	1.0	1.0	12.15276433121643	5.19634915429414	18.067869186401367	6.093380451202393	636839.0	0.0	82.67576217651364	30.180713653564453	0.9185476025480139	98.67532634331639	393.3263244628906	393.5808410644531	27420.0	218.90786437988282	563.8544494628906	106.10106658935547	0.5704913270234133	61.18733923280399	716.60498046875	714.0372314453125	16322.0	615.2321441650391	829.3493438720702	65.2516860961914	1.7752487119066593	62.74735638038256	1005.1817016601562	1000.0026245117188	176941.0	901.6491088867188	1126.42529296875	69.84130096435547	0.14757484197616577	0.44268298149108887	0.5029801726341248	0.593087183542642
sub-1252_ses-1_acq-D1S0201_T1w	0.35671284565092515	3.459378994368782	0.626908235331781	53102.76953125	4.2997000000000005	4.22075	4.5009	4.17745	0.21591510973246303	0.4329894979410769	0.35109539232646003	1.9746415615081787	0.771372163295746	0.029663735517228364	5.21194589124239e-05	24.942095301429777	13.018684347520793	18.500824972975025	256	256	150	3.4899613691018443	9.88723073017167	10.862539375844072	19.210426028258702	57.03923749101226	115.88016492416591	113.15647236704815	166.5500146859663	1.0	1.0	1.0	188.12202547982636	3.9335630157404315	6.265263080596924	2.6531479358673096	907381.0	0.0	23.032760620117188	8.52852725982666	41.91227691751276	84.80717251357265	356.3484191894531	342.4743957519531	19035.0	233.96029205322264	519.8214233398436	98.12870788574219	0.9593282780842838	62.77712787268532	702.884033203125	695.7664794921875	18458.0	600.122607421875	833.3783752441406	70.36830139160156	1.25687589524391	45.74611494920609	998.890380859375	999.9978637695312	158152.0	910.2305664062501	1080.6421813964844	52.05479049682617	0.15961802005767822	0.4577932357788086	0.4977648854255676	0.612872260119097
sub-1255_ses-1_acq-D1S0201_T1w	0.4476034620135696	2.9062249643278495	0.6953156987352644	59718.203125	4.687786666666667	4.77201	4.99086	4.30049	0.19827898768162458	0.4361254527072337	0.36559555961114176	2.0007576942443848	1.1120438456535338	0.00935183434915218	1.7478719861115132e-05	20.459074217240047	9.795648497589	12.954514547185358	256	256	150	2.0892787730525555	10.709932824533611	8.679804038345114	13.240200517449177	64.99676516710936	114.75360913569855	114.0194234112674	162.3078959309943	1.0	1.0	1.0	36.05551177725519	4.036401634170158	5.752068042755127	2.7504096031188965	479482.0	0.0	23.274648380279526	10.062864303588867	12.711991269625837	114.27680993654403	425.1925354003906	400.45562744140625	27314.0	212.72645950317383	679.6692199707028	191.66819763183594	1.220572178119311	60.97758142381376	711.3901977539062	707.015625	38336.0	612.3005981445312	825.6077880859375	66.01408386230469	0.9908739367148529	70.16561594267823	1003.8346557617188	1000.0053100585938	229951.0	886.2305297851562	1133.3345336914062	75.52779388427734	0.13801436126232147	0.4417857825756073	0.46342381834983826	0.5121893923042922
sub-1255_ses-1_acq-D1S0801_T1w	0.39094771007258544	3.2302893332598903	0.6889758964924847	57307.7890625	4.85266	4.86526	5.17197	4.52075	0.20674635317498766	0.424374401017499	0.3688792458075133	2.206448554992676	1.2044161558151245	0.0064513777518588715	3.3359878565306616e-05	19.273296157998473	9.844117249901794	12.998926302643595	256	256	150	3.1477220208071612	10.897023453776564	9.684600634353401	15.00905642847648	60.66859628490666	110.57644565233146	109.86473896185896	158.34917494833874	1.0	1.0	1.0	13.397610262013831	4.137333935422014	8.827234268188477	2.7905893325805664	571614.0	0.0	36.149759101867645	13.308805465698242	0.24936677522398254	123.51551933592383	387.5942687988281	383.1358642578125	25448.0	193.12100830078126	590.380758666992	121.716064453125	1.1005438421369504	56.764689035828724	703.1499633789062	698.315185546875	27852.0	607.1477996826172	816.6467834472655	64.08196258544922	1.0183702752399588	61.18249797189762	1001.8772583007812	1000.0107421875	235076.0	893.5521697998047	1113.3167724609375	66.62701416015625	0.1377233862876892	0.4296068847179413	0.4606438875198364	0.5197916332152946
sub-1255_ses-1_acq-D2S0201_T1w	0.31545576115516266	3.9699492575080284	0.6614000551062096	70037.296875	4.3074	4.22839	4.52567	4.16814	0.1813315959789308	0.4494082080875273	0.36926019593354187	2.3374907970428467	1.0957513093948366	0.013635156464230115	0.0001305114888934516	21.566267648524445	9.699586406263997	13.2379324423637	256	256	150	2.080494398299384	10.95772448530495	10.08332333583347	17.211751123896075	65.49907052849358	122.95397516041447	124.37321604660747	184.66660245091433	1.0	1.0	1.0	14.81889347932595	3.5476815418263308	3.2557737827301025	2.3928747177124023	550518.0	0.0	12.26474299430847	4.297060012817383	25.758753833679418	113.63769562875896	373.566162109375	354.68927001953125	17365.0	189.29964599609377	574.5143432617186	170.47825622558594	0.8501423187642447	56.00497303696009	667.8598022460938	665.8179321289062	42225.0	572.3076293945312	770.48564453125	60.7617073059082	1.4240535925067066	49.41560973452229	996.8380126953125	1000.0029296875	228794.0	889.9439819335937	1085.7366943359375	58.099884033203125	0.14405110478401184	0.44409677386283875	0.4680216312408447	0.49575428490246226
sub-1257_ses-1_acq-D1S0201_T1w	0.2913410509902566	4.367214286029791	0.6662816546534157	63720.625	4.7698366666666665	4.77425	4.86249	4.67277	0.20314209024419635	0.42824007024145666	0.368617839514347	1.9226778745651245	0.8447049856185913	0.01692109872212601	8.345946262890274e-05	19.15125512547316	9.810147144395948	13.225741249967717	256	256	150	3.641839424334577	13.361642034137587	11.992674105499978	18.974540858027765	62.0522437312866	116.77034070948999	116.98635528150658	172.13648140374315	1.0	1.0	1.0	493.7365130364817	3.805944041397993	5.657291412353516	2.567070245742798	611229.0	0.0	19.51105117797851	8.32076358795166	11.879147290042406	89.97899652445221	365.2131652832031	360.4858093261719	25051.0	215.27023315429688	520.7574157714844	98.9825668334961	0.7481679887145929	48.22782673158622	679.1554565429688	678.3646850585938	34569.0	597.7573120117188	761.4000488281249	50.76882553100586	1.1440711235280467	45.480162317358676	998.3920288085938	1000.00830078125	233811.0	905.4957580566406	1080.8272094726562	52.70252227783203	0.14208494126796722	0.4439334571361542	0.473273903131485	0.5717345583847586
sub-1265_ses-1_acq-D1S0201_T1w	0.3057779473502907	4.2197071246993145	0.6415741916241597	74043.078125	4.7110666666666665	4.73041	4.97794	4.42485	0.1953634315987667	0.441954551783452	0.36268201661778127	1.9319359064102173	0.7592155992984766	0.023175412844761677	3.599630376850521e-05	23.29236438947162	11.231584951343297	15.526712542809584	256	256	150	3.6350185009718228	11.471264792768862	10.566764889230823	16.59401137395178	68.55528236663837	128.93762251874753	131.99072859070273	198.47928088672228	1.0	1.0	1.0	15.625899914007327	3.3007784727809004	5.110003471374512	2.2263412475585938	640996.0	0.0	20.27583885192871	7.474394798278809	1.5526827702344024	90.19167266361498	350.5669860839844	345.402587890625	17332.0	211.09794387817385	510.75122833251964	95.01811981201172	0.36426356677357674	54.213977974175485	650.1796875	649.6273803710938	27455.0	557.9266845703125	744.00703125	56.62981033325195	1.023287888227249	52.92213048446687	998.3715209960938	999.9996337890625	185584.0	892.5830474853516	1093.629345703125	60.26251983642578	0.16163042187690735	0.4521683156490326	0.485291063785553	0.5253558461466478
sub-1268_ses-1_acq-D1S0201_T1w	0.2797776352883736	4.6783115366695585	0.6487544129185391	80382.53125	5.068936666666667	5.04043	5.27469	4.89169	0.20605570695167516	0.4128504489251707	0.3810938441231541	2.160856008529663	0.837171196937561	0.013087221396553108	9.783056663683472e-05	20.798288346470837	10.943027450410257	14.307657273153337	256	256	150	3.5600208578719266	13.173404581241224	12.397233680037829	20.458275601000334	70.26911504012094	136.6603552072537	137.0526700272704	204.2285398344366	1.0	1.0	1.0	26.2083996602699	3.2078585007466835	4.109269142150879	2.163667678833008	490314.0	0.0	15.826837253570556	5.640470504760742	4.634819571944779	84.89246014729711	353.3740234375	344.0709228515625	23009.0	225.43288269042972	515.9787841796874	96.64646911621094	0.42616222945524385	49.34629373724596	670.7903442382812	669.1539306640625	31070.0	589.6830352783203	754.7394805908203	50.795005798339844	0.960216507360053	43.21698595720089	997.5807495117188	999.9998168945312	230285.0	909.8864990234375	1072.9350830078124	48.879859924316406	0.16021628677845	0.45383480191230774	0.4926913380622864	0.5176063627873969
sub-1269_ses-1_acq-D1S0201_T1w	0.33234085375046796	3.7238975510558254	0.6662241219125425	62115.984375	4.477076666666666	4.40146	4.66154	4.36823	0.19015524708059672	0.4264481828625666	0.3833965700568367	1.5935478210449219	0.6693602323532102	0.018266807028791233	4.4572427636666854e-05	20.983661631680523	10.191753841599756	13.532637739640087	256	256	150	2.193692003628382	10.188038101407765	11.838338520987142	23.133285457925275	65.31732121068158	123.50810304489245	122.00377433870267	177.185898760534	1.0	1.0	1.0	19.803416283176745	3.6974419677812094	5.894137382507324	2.493886709213257	743876.0	0.0	22.654229640960693	8.276741981506348	60.280932589453826	102.86584486664533	389.3714904785156	368.63623046875	17415.0	224.34131774902346	573.2427001953124	168.03892517089844	0.7030924574148214	62.84807270540678	705.7471313476562	697.0518798828125	33424.0	608.5924591064453	832.234539794922	68.41763305664062	1.2885133055188263	37.83305137502146	998.8848876953125	999.9972534179688	251521.0	925.6055908203125	1066.7738037109375	43.2275505065918	0.15627144277095795	0.4523817002773285	0.5000396966934204	0.5303826392394316
sub-1276_ses-1_acq-D1S0201_T1w	0.27903963470254545	4.331457790159176	0.6633453964805044	68164.0546875	4.562866666666667	4.53631	4.77777	4.37452	0.19321526755463	0.4362672227043258	0.37051750974104425	2.06557559967041	0.9014202117919918	0.014606743302805116	5.613484294048454e-05	20.430602261341893	9.964608159549819	13.76230651697336	256	256	150	2.8111856441002963	11.120918409701694	11.481260782028661	20.51167829228399	66.29592565812663	124.49169621154589	126.05539006245688	187.37854831769812	1.0	1.0	1.0	6.488532614148733	3.4963198498375005	5.886207103729248	2.358232021331787	847170.0	0.0	22.10664358139038	7.601221561431885	27.399363371529994	105.63515921866447	368.8043212890625	353.806884765625	19090.0	199.80345077514647	572.2710144042968	125.85352325439453	2.08672430555791	51.412019045110085	666.5007934570312	664.385009765625	34544.0	576.0882843017578	764.2761077880858	59.74105453491211	1.2467126691427683	42.23742241866798	996.951171875	999.9984130859375	233525.0	908.4855834960938	1069.7460693359374	48.752532958984375	0.13340499997138977	0.44108545780181885	0.47330087423324585	0.592825469249729
sub-1277_ses-1_acq-D1S0201_T1w	0.3147506706277415	3.8281458262427313	0.665452972856391	75782.7890625	4.669816666666667	4.67942	4.93315	4.39688	0.19292802632124906	0.42146901586378915	0.3856029578149618	1.5392485857009888	0.6520925760269161	0.0207857359831365	7.237007544320778e-05	19.453341794501707	9.679214703929498	12.811509772460733	256	256	150	2.9791686518632017	9.603212262604023	11.466507868191359	21.817142690106852	69.03299510060506	130.26607661950084	130.54180671410484	192.32634842220864	1.0	1.0	1.0	9.955097354303721	3.4063724671426643	4.278776168823242	2.297563314437866	679369.0	0.0	15.3205265045166	5.46636438369751	33.35990531587609	110.98034109087838	369.9251708984375	358.93609619140625	19247.0	215.88837585449218	541.3437744140626	120.47883605957031	1.3213178335308173	61.54409944071771	685.7606811523438	677.316650390625	32171.0	586.997314453125	817.1099853515625	70.52912139892578	1.1337105672977712	40.02012492354819	999.5890502929688	999.9981689453125	265933.0	922.4863037109376	1073.9864013671875	45.83534622192383	0.15599533915519714	0.44198280572891235	0.4901003837585449	0.5943585992493624
sub-1278_ses-1_acq-D1S0201_T1w	0.2768306592212778	4.402604730977509	0.6612012612720746	65563.6328125	4.901786666666667	4.96235	5.07967	4.66334	0.18050735169190102	0.44752502444797465	0.37196762386012433	1.7040753364562988	0.739700245857239	0.011761970838449076	7.663045027137658e-05	23.922956928889555	10.890432469838647	14.987219085345115	256	256	150	3.6047475374883797	12.671931359238176	11.815858405859316	19.17089632085139	65.24546308502013	121.60684259253604	122.62775028635987	181.03094518152344	1.0	1.0	1.0	12.24930962310085	3.6189287766144815	4.1089582443237305	2.4413132667541504	497965.0	0.0	15.548603820800778	5.30099630355835	5.04590922619245	85.31319739186144	366.8041076660156	360.4114990234375	14529.0	218.9089294433594	535.4386474609371	99.97901153564453	1.0721177004429059	48.06462646906944	674.9457397460938	671.7479248046875	36496.0	594.34619140625	767.1666412353516	53.009971618652344	1.3769072220276266	42.80633844331061	994.36083984375	1000.0026245117188	203547.0	893.5576110839843	1069.074353027344	52.162410736083984	0.14155533909797668	0.4472363591194153	0.4775209426879883	0.5486171729855098
sub-1283_ses-1_acq-D1S0201_T1w	0.35063875876038003	3.570939569584795	0.6866411094053154	57099.29296875	4.492466666666666	4.48517	4.64312	4.34911	0.19356756980973833	0.44309209639120395	0.3633403337990577	1.6486696004867554	0.6926581263542171	0.0	2.9045338373353277e-05	25.68418889980535	12.157405649285572	16.909919772921278	256	256	150	2.449382766530213	10.260896562411734	10.3808157968608	18.43216806164045	59.90607336445623	111.03756514680526	110.63757937762044	160.9690996215998	1.0	1.0	1.0	12.01594861686339	4.069988942147877	7.486083030700684	2.7451658248901367	741867.0	0.0	25.507566833496092	9.115900039672852	37.76398151598519	108.41497051021892	388.4515380859375	372.16229248046875	16107.0	215.2849380493164	572.5582763671873	151.93653869628906	0.5399560611848719	62.440728107835795	697.2357788085938	689.8131103515625	22816.0	600.4152679443359	821.1913299560547	67.22589874267578	1.9347487554432217	46.326070858532404	999.2059326171875	1000.00927734375	175629.0	906.6815551757812	1084.6708251953125	54.253326416015625	0.15140654146671295	0.4565456211566925	0.49070632457733154	0.5975760392604308
sub-1284_ses-1_acq-D1S0201_T1w	0.32138222870932376	3.9524461004083635	0.6652940502690128	49969.046875	4.857810000000001	4.81773	5.1051	4.6506	0.22664936889090573	0.40447611940989564	0.36887451169919866	1.6199769973754883	0.7109774351119995	0.03199660958631079	5.976286072525315e-05	18.23302934394951	10.288876534234273	13.737804189646122	256	256	150	3.4258774564293515	11.583733655902934	11.33746971684751	19.002798038210244	58.90387661008197	108.4504997063848	108.5632939966939	158.33550567361493	1.0	1.0	1.0	58.95207414613319	4.1376269702709765	6.699707508087158	2.7907869815826416	755999.0	0.0	26.01212635040283	9.415245056152344	6.764310909530973	99.74298273217372	375.46466064453125	372.0176086425781	24062.0	213.00647506713867	550.958743286133	108.58820343017578	0.5172249708456884	55.79250050222796	685.7847900390625	684.9378662109375	23937.0	591.649951171875	784.3619750976563	59.128047943115234	2.0880930549008854	45.46134021888155	998.908203125	999.9952392578125	242605.0	909.4545654296876	1080.9967041015625	52.623470306396484	0.1439639776945114	0.44657015800476074	0.4971108138561249	0.5688988435129374
