onset	duration	trial_type	trial_name	prime_stim	targ_stim	response_time	resp	cresp	acc
1.521	6.199	1	PicY	Eng/belt.bmp	Eng/melt.bmp	2976	7	7	1
7.72	6.199	1	PicY	Eng/fall.bmp	Eng/ball.bmp	1952	7	7	1
13.919	6.216	3	PicN	Eng/point.bmp	Eng/bridge.bmp	1649	8	8	1
20.135	5.699	5	PercY	Eng/perc_whale_white.bmp	Eng/perc_whale_white.bmp	1681	7	7	1
25.834	5.199	7	FixY	Gen/_Fix_Green.bmp	Gen/_Fix_Green.bmp	1590	7	7	1
31.033	5.216	3	PicN	Eng/screw.bmp	Eng/globe.bmp	2263	8	8	1
36.249	5.2	1	PicY	Eng/whip.bmp	Eng/trip.bmp	2143	8	7	0
41.449	5.699	6	PercN	Eng/perc_box_brown.bmp	Eng/perc_cork_pink.bmp	1495	8	8	1
47.148	5.199	3	PicN	Eng/wing.bmp	Eng/roof.bmp	2452	8	8	1
52.347	5.716	3	PicN	Eng/climb.bmp	Eng/hay.bmp	1557	8	8	1
58.063	5.7	8	FixN	Gen/_Fix_Red.bmp	Gen/_Fix_Green.bmp	1689	8	8	1
63.763	5.699	8	FixN	Gen/_Fix_Green.bmp	Gen/_Fix_Red.bmp	1382	8	8	1
69.462	5.716	1	PicY	Eng/pet.bmp	Eng/net.bmp	1642	7	7	1
75.178	5.699	1	PicY	Eng/kick.bmp	Eng/lick.bmp	1798	7	7	1
80.877	5.199	5	PercY	Eng/perc_squeeze_pink.bmp	Eng/perc_squeeze_pink.bmp	1475	7	7	1
86.076	6.233	6	PercN	Eng/perc_bridge_white.bmp	Eng/perc_climb_brown.bmp	1636	8	8	1
92.309	5.199	3	PicN	Eng/whale.bmp	Eng/rake.bmp	2611	8	8	1
97.508	5.2	1	PicY	Eng/bear.bmp	Eng/pear.bmp	2420	7	7	1
102.708	6.199	5	PercY	Eng/perc_jar_brown.bmp	Eng/perc_jar_brown.bmp	1957	7	7	1
108.907	6.199	3	PicN	Eng/squeeze.bmp	Eng/bread.bmp	2085	8	8	1
115.106	6.199	6	PercN	Eng/perc_bat_brown.bmp	Eng/perc_trip_white.bmp	1958	8	8	1
121.305	6.216	3	PicN	Eng/vest.bmp	Eng/bat.bmp	2479	8	8	1
127.521	5.199	8	FixN	Gen/_Fix_Green.bmp	Gen/_Fix_Red.bmp	2351	8	8	1
132.72	6.2	1	PicY	Eng/wrench.bmp	Eng/bench.bmp	1680	7	7	1
138.92	5.716	3	PicN	Eng/read.bmp	Eng/drive.bmp	1993	8	8	1
144.636	5.699	7	FixY	Gen/_Fix_Green.bmp	Gen/_Fix_Green.bmp	1397	7	7	1
150.335	5.699	5	PercY	Eng/perc_shark_brown.bmp	Eng/perc_shark_brown.bmp	1729	7	7	1
156.034	5.216	6	PercN	Eng/perc_bite_white.bmp	Eng/perc_bride_pink.bmp	1582	8	8	1
161.25	6.199	8	FixN	Gen/_Fix_Red.bmp	Gen/_Fix_Green.bmp	1574	8	8	1
167.449	6.199	1	PicY	Eng/bark.bmp	Eng/shark.bmp	2383	7	7	1
173.648	5.216	1	PicY	Eng/box.bmp	Eng/fox.bmp	1568	7	7	1
178.864	6.2	7	FixY	Gen/_Fix_Red.bmp	Gen/_Fix_Red.bmp	1472	7	7	1
185.064	5.199	6	PercN	Eng/perc_rake_pink.bmp	Eng/perc_shell_brown.bmp	1537	8	8	1
190.263	6.216	3	PicN	Eng/shell.bmp	Eng/heart.bmp	1761	8	8	1
196.479	5.199	8	FixN	Gen/_Fix_Green.bmp	Gen/_Fix_Red.bmp	1393	8	8	1
201.678	5.699	1	PicY	Eng/match.bmp	Eng/catch.bmp	1754	7	7	1
207.377	5.716	7	FixY	Gen/_Fix_Green.bmp	Gen/_Fix_Green.bmp	1647	7	7	1
213.093	5.7	6	PercN	Eng/perc_kick_pink.bmp	Eng/perc_bench_white.bmp	1385	8	8	1
218.793	5.216	1	PicY	Eng/slide.bmp	Eng/bride.bmp	1560	7	7	1
224.009	5.716	3	PicN	Eng/cork.bmp	Eng/hair.bmp	2200	8	8	1
229.725	5.182	7	FixY	Gen/_Fix_Red.bmp	Gen/_Fix_Red.bmp	1828	7	7	1
234.907	5.7	3	PicN	Eng/jar.bmp	Eng/dress.bmp	1829	8	8	1
240.607	5.699	1	PicY	Eng/bite.bmp	Eng/kite.bmp	1514	7	7	1
246.306	5.216	5	PercY	Eng/perc_net_white.bmp	Eng/perc_net_white.bmp	1454	7	7	1
251.522	6.199	7	FixY	Gen/_Fix_Red.bmp	Gen/_Fix_Red.bmp	1486	7	7	1
257.721	6.199	5	PercY	Eng/perc_catch_pink.bmp	Eng/perc_catch_pink.bmp	1327	7	7	1
263.92	6.216	8	FixN	Gen/_Fix_Red.bmp	Gen/_Fix_Green.bmp	1559	8	8	1
270.136	4.699	3	PicN	Eng/serve.bmp	Eng/pipe.bmp	2360	8	8	1
